day,season,doy,scene,gate,ice,classified,share
2017-02-26,2017,57,S2A_22WDD_20170226_0_L1C,0.09,0.9998464906426036,149828,0.8987666762645168
2017-02-26,2017,57,S2A_22WDD_20170226_0_L1C,0.13,0.9707865018554609,149828,0.8987666762645168
2017-02-26,2017,57,S2A_22WDD_20170226_0_L1C,0.17,0.9527388756124587,149806,0.898634705825895
2017-02-26,2017,57,S2A_22WDD_20170226_0_L1C,0.21,0.9515257565334705,149729,0.8981728092907189
2017-02-26,2017,57,S2A_22WDD_20170226_0_L1C,0.25,0.9514872000534723,149610,0.8974589691909013
2017-03-11,2017,70,S2A_22WDD_20170311_0_L1C,0.09,0.9818101181613711,157835,0.9467979172665323
2017-03-11,2017,70,S2A_22WDD_20170311_0_L1C,0.13,0.980847087147971,157835,0.9467979172665323
2017-03-11,2017,70,S2A_22WDD_20170311_0_L1C,0.17,0.9802323960616851,157834,0.9467919186102313
2017-03-11,2017,70,S2A_22WDD_20170311_0_L1C,0.21,0.979157953436498,157806,0.9466239562338036
2017-03-11,2017,70,S2A_22WDD_20170311_0_L1C,0.25,0.9786758164951074,157380,0.9440685286495825
2017-03-31,2017,90,S2A_22WDD_20170331_0_L1C,0.09,1.0,129955,0.7795553795949707
2017-03-31,2017,90,S2A_22WDD_20170331_0_L1C,0.13,1.0,129955,0.7795553795949707
2017-03-31,2017,90,S2A_22WDD_20170331_0_L1C,0.17,1.0,129955,0.7795553795949707
2017-03-31,2017,90,S2A_22WDD_20170331_0_L1C,0.21,1.0,129955,0.7795553795949707
2017-03-31,2017,90,S2A_22WDD_20170331_0_L1C,0.25,1.0,129952,0.7795373836260677
2017-04-17,2017,107,S2A_21WXU_20170417_0_L1C,0.09,1.0,154517,0.8270238445687371
2017-04-17,2017,107,S2A_21WXU_20170417_0_L1C,0.13,1.0,154515,0.8270131399363074
2017-04-17,2017,107,S2A_21WXU_20170417_0_L1C,0.17,1.0,154513,0.8270024353038777
2017-04-17,2017,107,S2A_21WXU_20170417_0_L1C,0.21,1.0,154502,0.8269435598255145
2017-04-17,2017,107,S2A_21WXU_20170417_0_L1C,0.25,1.0,154461,0.826724114860706
2017-05-10,2017,130,S2A_22WDD_20170510_0_L1C,0.09,0.9935374731520025,157833,0.9467859199539304
2017-05-10,2017,130,S2A_22WDD_20170510_0_L1C,0.13,0.9905087752645251,157830,0.9467679239850274
2017-05-10,2017,130,S2A_22WDD_20170510_0_L1C,0.17,0.9837471010911303,157818,0.9466959401094155
2017-05-10,2017,130,S2A_22WDD_20170510_0_L1C,0.21,0.9726513715521012,157741,0.9462340435742393
2017-05-10,2017,130,S2A_22WDD_20170510_0_L1C,0.25,0.960198973287645,157006,0.9418250311930128
2017-05-23,2017,143,S2A_22WDD_20170523_0_L1C,0.09,0.8959224408326205,157815,0.9466779441405125
2017-05-23,2017,143,S2A_22WDD_20170523_0_L1C,0.13,0.8105937173106793,157735,0.9461980516364334
2017-05-23,2017,143,S2A_22WDD_20170523_0_L1C,0.17,0.6725763259984533,156467,0.93859175544678
2017-05-23,2017,143,S2A_22WDD_20170523_0_L1C,0.21,0.5586293555657499,150411,0.9022638928879931
2017-05-23,2017,143,S2A_22WDD_20170523_0_L1C,0.25,0.4689337968998986,138060,0.8281744889144832
2017-06-02,2017,153,S2A_22WDD_20170602_0_L1C,0.09,0.4311753335234655,157785,0.9464979844514829
2017-06-02,2017,153,S2A_22WDD_20170602_0_L1C,0.13,0.3202802444198839,157434,0.9443924560898359
2017-06-02,2017,153,S2A_22WDD_20170602_0_L1C,0.17,0.18003925378681673,153361,0.9199599289759094
2017-06-02,2017,153,S2A_22WDD_20170602_0_L1C,0.21,0.09437250167940353,150351,0.9019039735099338
2017-06-02,2017,153,S2A_22WDD_20170602_0_L1C,0.25,0.05023037738653407,148018,0.8879091083597275
2017-06-12,2017,163,S2A_22WDD_20170612_0_L1C,0.09,0.023302061156212712,85486,0.5128011325463097
2017-06-12,2017,163,S2A_22WDD_20170612_0_L1C,0.13,0.01624614374024938,85251,0.5113914483155773
2017-06-12,2017,163,S2A_22WDD_20170612_0_L1C,0.17,0.012202720336691628,85063,0.5102637009309915
2017-06-12,2017,163,S2A_22WDD_20170612_0_L1C,0.21,0.009234828496042216,84896,0.5092619253287264
2017-06-12,2017,163,S2A_22WDD_20170612_0_L1C,0.25,0.006669578459032262,84713,0.5081641712256455
2018-02-26,2018,57,S2B_22WDD_20180226_0_L1C,0.09,0.9994326487294669,149819,0.8987126883578078
2018-02-26,2018,57,S2B_22WDD_20180226_0_L1C,0.13,0.9530296760068884,149818,0.8987066897015069
2018-02-26,2018,57,S2B_22WDD_20180226_0_L1C,0.17,0.9502462988425957,149818,0.8987066897015069
2018-02-26,2018,57,S2B_22WDD_20180226_0_L1C,0.21,0.9496210730143892,149765,0.8983887609175545
2018-02-26,2018,57,S2B_22WDD_20180226_0_L1C,0.25,0.9495690519142113,149670,0.8978188885689605
2018-03-12,2018,71,S2A_22WDD_20180312_0_L1C,0.09,1.0,157787,0.9465099817640849
2018-03-12,2018,71,S2A_22WDD_20180312_0_L1C,0.13,1.0,157787,0.9465099817640849
2018-03-12,2018,71,S2A_22WDD_20180312_0_L1C,0.17,1.0,157787,0.9465099817640849
2018-03-12,2018,71,S2A_22WDD_20180312_0_L1C,0.21,1.0,157787,0.9465099817640849
2018-03-12,2018,71,S2A_22WDD_20180312_0_L1C,0.25,1.0,157787,0.9465099817640849
2018-03-31,2018,90,S2B_22WDD_20180331_0_L1C,0.09,1.0,157288,0.9435166522698916
2018-03-31,2018,90,S2B_22WDD_20180331_0_L1C,0.13,0.9962807080006103,157288,0.9435166522698916
2018-03-31,2018,90,S2B_22WDD_20180331_0_L1C,0.17,0.9950918061136259,157288,0.9435166522698916
2018-03-31,2018,90,S2B_22WDD_20180331_0_L1C,0.21,0.9948120315092792,157287,0.9435106536135905
2018-03-31,2018,90,S2B_22WDD_20180331_0_L1C,0.25,0.9947790807112151,157252,0.9433007006430559
2018-04-17,2018,107,S2B_22WDD_20180417_0_L1C,0.09,0.9996038433905634,148931,0.89338588156253
2018-04-17,2018,107,S2B_22WDD_20180417_0_L1C,0.13,0.9993084045631869,148931,0.89338588156253
2018-04-17,2018,107,S2B_22WDD_20180417_0_L1C,0.17,0.9992412542805345,148930,0.893379882906229
2018-04-17,2018,107,S2B_22WDD_20180417_0_L1C,0.21,0.999194192816229,148919,0.8933138976869182
2018-04-17,2018,107,S2B_22WDD_20180417_0_L1C,0.25,0.9991807241860965,148912,0.8932719070928112
2018-05-06,2018,126,S2B_22WDD_20180506_0_L1C,0.09,1.0,156053,0.9361083117381707
2018-05-06,2018,126,S2B_22WDD_20180506_0_L1C,0.13,0.9999038788104042,156053,0.9361083117381707
2018-05-06,2018,126,S2B_22WDD_20180506_0_L1C,0.17,0.9998782464931786,156053,0.9361083117381707
2018-05-06,2018,126,S2B_22WDD_20180506_0_L1C,0.21,0.9998782464931786,156053,0.9361083117381707
2018-05-06,2018,126,S2B_22WDD_20180506_0_L1C,0.25,0.9998590204484431,156051,0.9360963144255686
2018-05-23,2018,143,S2B_22WDD_20180523_0_L1C,0.09,0.9925296059509704,157823,0.9467259333909205
2018-05-23,2018,143,S2B_22WDD_20180523_0_L1C,0.13,0.9696140756437424,155730,0.9341707457529513
2018-05-23,2018,143,S2B_22WDD_20180523_0_L1C,0.17,0.9544815560752085,147962,0.8875731836068721
2018-05-23,2018,143,S2B_22WDD_20180523_0_L1C,0.21,0.9455062819460859,132841,0.7968675016796237
2018-05-23,2018,143,S2B_22WDD_20180523_0_L1C,0.25,0.9312027323737497,106574,0.6393007966215568
2018-06-10,2018,161,S2A_22WDD_20180610_0_L1C,0.09,0.0046692508263178265,157627,0.9455501967559267
2018-06-10,2018,161,S2A_22WDD_20180610_0_L1C,0.13,0.0031913611186894482,157613,0.9454662155677128
2018-06-10,2018,161,S2A_22WDD_20180610_0_L1C,0.17,0.0024683210974828203,157597,0.945370237066897
2018-06-10,2018,161,S2A_22WDD_20180610_0_L1C,0.21,0.0019482785974932572,157575,0.9452382666282753
2018-06-10,2018,161,S2A_22WDD_20180610_0_L1C,0.25,0.0015298479039179342,157532,0.9449803244073327
2018-06-27,2018,178,S2A_22WDD_20180627_0_L1C,0.09,0.012190019777879204,157752,0.9463000287935502
2018-06-27,2018,178,S2A_22WDD_20180627_0_L1C,0.13,0.008564183835182251,157750,0.9462880314809483
2018-06-27,2018,178,S2A_22WDD_20180627_0_L1C,0.17,0.006257012989482893,157743,0.9462460408868414
2018-06-27,2018,178,S2A_22WDD_20180627_0_L1C,0.21,0.0050591822890580914,157733,0.9461860543238315
2018-06-27,2018,178,S2A_22WDD_20180627_0_L1C,0.25,0.0038050302499904876,157686,0.945904117477685
2019-02-24,2019,55,S2B_22WDD_20190224_0_L1C,0.09,1.0,157816,0.9466839427968136
2019-02-24,2019,55,S2B_22WDD_20190224_0_L1C,0.13,0.9959192984234805,157816,0.9466839427968136
2019-02-24,2019,55,S2B_22WDD_20190224_0_L1C,0.17,0.9525206569676078,157816,0.9466839427968136
2019-02-24,2019,55,S2B_22WDD_20190224_0_L1C,0.21,0.9413406226811185,157673,0.9458261349457722
2019-02-24,2019,55,S2B_22WDD_20190224_0_L1C,0.25,0.9411656309174323,157374,0.9440325367117766
2019-03-12,2019,71,S2B_22WDD_20190312_0_L1C,0.09,0.9825513986124751,157835,0.9467979172665323
2019-03-12,2019,71,S2B_22WDD_20190312_0_L1C,0.13,0.979846041752463,157835,0.9467979172665323
2019-03-12,2019,71,S2B_22WDD_20190312_0_L1C,0.17,0.9793581905154116,157835,0.9467979172665323
2019-03-12,2019,71,S2B_22WDD_20190312_0_L1C,0.21,0.9790948494372909,157808,0.9466359535464056
2019-03-12,2019,71,S2B_22WDD_20190312_0_L1C,0.25,0.9790796305335963,157741,0.9462340435742393
2019-03-29,2019,88,S2B_22WDD_20190329_0_L1C,0.09,1.0,157835,0.9467979172665323
2019-03-29,2019,88,S2B_22WDD_20190329_0_L1C,0.13,1.0,157835,0.9467979172665323
2019-03-29,2019,88,S2B_22WDD_20190329_0_L1C,0.17,0.9963632446953425,157833,0.9467859199539304
2019-03-29,2019,88,S2B_22WDD_20190329_0_L1C,0.21,0.9953166193469885,157792,0.9465399750455898
2019-03-29,2019,88,S2B_22WDD_20190329_0_L1C,0.25,0.9952676385135564,157638,0.9456161819752376
2019-04-18,2019,108,S2B_22WDD_20190418_0_L1C,0.09,1.0,151878,0.9110639216815434
2019-04-18,2019,108,S2B_22WDD_20190418_0_L1C,0.13,0.9997366307167596,151878,0.9110639216815434
2019-04-18,2019,108,S2B_22WDD_20190418_0_L1C,0.17,0.9993349925598177,151878,0.9110639216815434
2019-04-18,2019,108,S2B_22WDD_20190418_0_L1C,0.21,0.999295468612139,151874,0.9110399270563394
2019-04-18,2019,108,S2B_22WDD_20190418_0_L1C,0.25,0.9992954314988213,151866,0.9109919378059315
2019-05-06,2019,126,S2A_22WDD_20190506_0_L1C,0.09,0.5301124663392999,157825,0.9467379307035224
2019-05-06,2019,126,S2A_22WDD_20190506_0_L1C,0.13,0.30877582055506275,157820,0.9467079374220174
2019-05-06,2019,126,S2A_22WDD_20190506_0_L1C,0.17,0.1685064461047246,157537,0.9450103176888377
2019-05-06,2019,126,S2A_22WDD_20190506_0_L1C,0.21,0.07817153737785697,155453,0.9325091179575775
2019-05-06,2019,126,S2A_22WDD_20190506_0_L1C,0.25,0.03034666075977406,153493,0.9207517516076399
2019-05-23,2019,143,S2A_22WDD_20190523_0_L1C,0.09,0.03920197221722089,144406,0.8662419618005567
2019-05-23,2019,143,S2A_22WDD_20190523_0_L1C,0.13,0.030708150463657487,143317,0.8597094250887801
2019-05-23,2019,143,S2A_22WDD_20190523_0_L1C,0.17,0.021734540182153466,142078,0.8522770899318552
2019-05-23,2019,143,S2A_22WDD_20190523_0_L1C,0.21,0.01110913552149639,140605,0.8434410692004991
2019-05-23,2019,143,S2A_22WDD_20190523_0_L1C,0.25,0.002939131307483315,139497,0.8367945580190037
2019-06-11,2019,162,S2B_22WDD_20190611_0_L1C,0.09,0.0007390835364148456,150186,0.9009141952202706
2019-06-11,2019,162,S2B_22WDD_20190611_0_L1C,0.13,0.00044614319198806734,150176,0.9008542086572607
2019-06-11,2019,162,S2B_22WDD_20190611_0_L1C,0.17,0.00031962497336458556,150176,0.9008542086572607
2019-06-11,2019,162,S2B_22WDD_20190611_0_L1C,0.21,0.00020642446196462817,150176,0.9008542086572607
2019-06-11,2019,162,S2B_22WDD_20190611_0_L1C,0.25,0.0001464947794587684,150176,0.9008542086572607
2019-06-29,2019,180,S2A_22WDD_20190629_0_L1C,0.09,0.01063940934735669,57428,0.3444908340531721
2019-06-29,2019,180,S2A_22WDD_20190629_0_L1C,0.13,0.004949804796430563,57376,0.3441789039255207
2019-06-29,2019,180,S2A_22WDD_20190629_0_L1C,0.17,0.003172500348626412,57368,0.34413091467511275
2019-06-29,2019,180,S2A_22WDD_20190629_0_L1C,0.21,0.0020919043302419634,57364,0.34410692004990884
2019-06-29,2019,180,S2A_22WDD_20190629_0_L1C,0.25,0.0012031176439817963,57351,0.34402893751799596
2020-02-22,2020,53,S2B_22WDD_20200222_0_L1C,0.09,1.0,56117,0.3366265956425761
2020-02-22,2020,53,S2B_22WDD_20200222_0_L1C,0.13,1.0,56117,0.3366265956425761
2020-02-22,2020,53,S2B_22WDD_20200222_0_L1C,0.17,1.0,56117,0.3366265956425761
2020-02-22,2020,53,S2B_22WDD_20200222_0_L1C,0.21,1.0,56117,0.3366265956425761
2020-02-22,2020,53,S2B_22WDD_20200222_0_L1C,0.25,1.0,56117,0.3366265956425761
2020-03-11,2020,71,S2A_22WDD_20200311_0_L1C,0.09,1.0,102294,0.6136265476533257
2020-03-11,2020,71,S2A_22WDD_20200311_0_L1C,0.13,1.0,102294,0.6136265476533257
2020-03-11,2020,71,S2A_22WDD_20200311_0_L1C,0.17,1.0,102294,0.6136265476533257
2020-03-11,2020,71,S2A_22WDD_20200311_0_L1C,0.21,1.0,102294,0.6136265476533257
2020-03-11,2020,71,S2A_22WDD_20200311_0_L1C,0.25,1.0,102293,0.6136205489970247
2020-03-28,2020,88,S2A_22WDD_20200328_0_L1C,0.09,1.0,155252,0.9313033880410788
2020-03-28,2020,88,S2A_22WDD_20200328_0_L1C,0.13,1.0,155252,0.9313033880410788
2020-03-28,2020,88,S2A_22WDD_20200328_0_L1C,0.17,1.0,155252,0.9313033880410788
2020-03-28,2020,88,S2A_22WDD_20200328_0_L1C,0.21,1.0,155252,0.9313033880410788
2020-03-28,2020,88,S2A_22WDD_20200328_0_L1C,0.25,1.0,155252,0.9313033880410788
2020-04-17,2020,108,S2A_22WDD_20200417_0_L1C,0.09,1.0,121391,0.7281828870333046
2020-04-17,2020,108,S2A_22WDD_20200417_0_L1C,0.13,1.0,121391,0.7281828870333046
2020-04-17,2020,108,S2A_22WDD_20200417_0_L1C,0.17,1.0,121383,0.7281348977828966
2020-04-17,2020,108,S2A_22WDD_20200417_0_L1C,0.21,0.9999917591699836,121347,0.727918946156061
2020-04-17,2020,108,S2A_22WDD_20200417_0_L1C,0.25,0.999991753053432,121257,0.727379067088972
2020-05-05,2020,126,S2B_22WDD_20200505_0_L1C,0.09,0.9955079671809168,157835,0.9467979172665323
2020-05-05,2020,126,S2B_22WDD_20200505_0_L1C,0.13,0.9951840516066891,157809,0.9466419522027066
2020-05-05,2020,126,S2B_22WDD_20200505_0_L1C,0.17,0.9950998104583865,157749,0.9462820328246473
2020-05-05,2020,126,S2B_22WDD_20200505_0_L1C,0.21,0.9950664882654712,157697,0.9459701026969959
2020-05-05,2020,126,S2B_22WDD_20200505_0_L1C,0.25,0.9950643599845206,157629,0.9455621940685286
2020-05-22,2020,143,S2B_22WDD_20200522_0_L1C,0.09,0.61140732569304,97902,0.5872804491793838
2020-05-22,2020,143,S2B_22WDD_20200522_0_L1C,0.13,0.5688228097825488,90733,0.5442760821575967
2020-05-22,2020,143,S2B_22WDD_20200522_0_L1C,0.17,0.48889903469866947,76660,0.45985699203378444
2020-05-22,2020,143,S2B_22WDD_20200522_0_L1C,0.21,0.3009469798298646,56073,0.33636265476533256
2020-05-22,2020,143,S2B_22WDD_20200522_0_L1C,0.25,0.12703713598717606,44916,0.269435646415203
2020-06-13,2020,165,S2A_22WDD_20200613_0_L1C,0.09,0.010942472770613818,157734,0.9461920529801324
2020-06-13,2020,165,S2A_22WDD_20200613_0_L1C,0.13,0.006448544797412973,157710,0.9460480852289087
2020-06-13,2020,165,S2A_22WDD_20200613_0_L1C,0.17,0.0040990627994187704,157597,0.945370237066897
2020-06-13,2020,165,S2A_22WDD_20200613_0_L1C,0.21,0.002667157762381645,157471,0.9446144063729724
2020-06-13,2020,165,S2A_22WDD_20200613_0_L1C,0.25,0.0018933738269659637,157391,0.9441345138688934
2020-06-28,2020,180,S2B_22WDD_20200628_0_L1C,0.09,0.0010117528777687985,157153,0.9427068336692581
2020-06-28,2020,180,S2B_22WDD_20200628_0_L1C,0.13,0.0006617754672198431,157153,0.9427068336692581
2020-06-28,2020,180,S2B_22WDD_20200628_0_L1C,0.17,0.00045815516188149055,157152,0.9427008350129571
2020-06-28,2020,180,S2B_22WDD_20200628_0_L1C,0.21,0.0003372552513187953,157151,0.9426948363566561
2020-06-28,2020,180,S2B_22WDD_20200628_0_L1C,0.25,0.0002481736961335811,157148,0.9426768403877531
2021-02-24,2021,55,S2A_22WDD_20210224_0_L1C,0.09,0.5140748249754491,157835,0.9467979172665323
2021-02-24,2021,55,S2A_22WDD_20210224_0_L1C,0.13,0.5033770285953464,157683,0.945886121508782
2021-02-24,2021,55,S2A_22WDD_20210224_0_L1C,0.17,0.4384174344236892,141972,0.8516412323639505
2021-02-24,2021,55,S2A_22WDD_20210224_0_L1C,0.21,0.34383191383379197,122461,0.7346014492753623
2021-02-24,2021,55,S2A_22WDD_20210224_0_L1C,0.25,0.26811023978147414,110559,0.6632054419809963
2021-03-12,2021,71,S2B_22WDD_20210312_0_L1C,0.09,0.3045031544158477,149473,0.8966371532776658
2021-03-12,2021,71,S2B_22WDD_20210312_0_L1C,0.13,0.27106347786914453,148729,0.8921741529897304
2021-03-12,2021,71,S2B_22WDD_20210312_0_L1C,0.17,0.2559815311900225,146409,0.8782572703714367
2021-03-12,2021,71,S2B_22WDD_20210312_0_L1C,0.21,0.20655005311640495,137434,0.8244193300700643
2021-03-12,2021,71,S2B_22WDD_20210312_0_L1C,0.25,0.16048423094091027,129938,0.7794534024378539
2021-03-31,2021,90,S2B_22WDD_20210331_0_L1C,0.09,1.0,154653,0.9277101929167867
2021-03-31,2021,90,S2B_22WDD_20210331_0_L1C,0.13,1.0,154653,0.9277101929167867
2021-03-31,2021,90,S2B_22WDD_20210331_0_L1C,0.17,1.0,154653,0.9277101929167867
2021-03-31,2021,90,S2B_22WDD_20210331_0_L1C,0.21,1.0,154653,0.9277101929167867
2021-03-31,2021,90,S2B_22WDD_20210331_0_L1C,0.25,1.0,154653,0.9277101929167867
2021-04-17,2021,107,S2B_22WDD_20210417_0_L1C,0.09,1.0,156119,0.9365042230540359
2021-04-17,2021,107,S2B_22WDD_20210417_0_L1C,0.13,1.0,155904,0.9352145119493234
2021-04-17,2021,107,S2B_22WDD_20210417_0_L1C,0.17,1.0,149742,0.8982507918226317
2021-04-17,2021,107,S2B_22WDD_20210417_0_L1C,0.21,1.0,142942,0.8574599289759094
2021-04-17,2021,107,S2B_22WDD_20210417_0_L1C,0.25,1.0,137507,0.8248572319800365
2021-05-06,2021,126,S2A_22WDD_20210506_0_L1C,0.09,0.0028634150997422928,146678,0.8798709089164027
2021-05-06,2021,126,S2A_22WDD_20210506_0_L1C,0.13,0.0019844111208854156,146643,0.8796609559458681
2021-05-06,2021,126,S2A_22WDD_20210506_0_L1C,0.17,0.0014597942645092636,146596,0.8793790190997217
2021-05-06,2021,126,S2A_22WDD_20210506_0_L1C,0.21,0.0010985786711974507,146553,0.8791210768787792
2021-05-06,2021,126,S2A_22WDD_20210506_0_L1C,0.25,0.0008667581198856152,146523,0.8789411171897495
2021-05-21,2021,141,S2B_22WDD_20210521_0_L1C,0.09,0.09239126825477995,150577,0.9032596698339572
2021-05-21,2021,141,S2B_22WDD_20210521_0_L1C,0.13,0.05682401830321707,149919,0.8993125539879067
2021-05-21,2021,141,S2B_22WDD_20210521_0_L1C,0.17,0.04018245150684193,148423,0.8903385641616278
2021-05-21,2021,141,S2B_22WDD_20210521_0_L1C,0.21,0.03052568616522342,147122,0.8825343123140417
2021-05-21,2021,141,S2B_22WDD_20210521_0_L1C,0.25,0.024305674287551034,146221,0.877129522986851
2021-06-10,2021,161,S2B_22WDD_20210610_0_L1C,0.09,0.009333845623890405,150956,0.9055331605720318
2021-06-10,2021,161,S2B_22WDD_20210610_0_L1C,0.13,0.0073266382257081535,150956,0.9055331605720318
2021-06-10,2021,161,S2B_22WDD_20210610_0_L1C,0.17,0.005988499960253319,150956,0.9055331605720318
2021-06-10,2021,161,S2B_22WDD_20210610_0_L1C,0.21,0.005008115001159286,150955,0.9055271619157309
2021-06-10,2021,161,S2B_22WDD_20210610_0_L1C,0.25,0.00430594750718762,150954,0.9055211632594299
2021-06-24,2021,175,S2A_22WDD_20210624_0_L1C,0.09,0.008136071185859368,157447,0.9444704386217487
2021-06-24,2021,175,S2A_22WDD_20210624_0_L1C,0.13,0.006027425101780282,157447,0.9444704386217487
2021-06-24,2021,175,S2A_22WDD_20210624_0_L1C,0.17,0.004534859349495385,157447,0.9444704386217487
2021-06-24,2021,175,S2A_22WDD_20210624_0_L1C,0.21,0.003556752430976773,157447,0.9444704386217487
2021-06-24,2021,175,S2A_22WDD_20210624_0_L1C,0.25,0.0026866183541128124,157447,0.9444704386217487
2022-02-23,2022,54,S2A_22WDD_20220223_0_L1C,0.09,1.0,151868,0.9110039351185335
2022-02-23,2022,54,S2A_22WDD_20220223_0_L1C,0.13,1.0,151868,0.9110039351185335
2022-02-23,2022,54,S2A_22WDD_20220223_0_L1C,0.17,1.0,151868,0.9110039351185335
2022-02-23,2022,54,S2A_22WDD_20220223_0_L1C,0.21,1.0,150650,0.9036975717439294
2022-02-23,2022,54,S2A_22WDD_20220223_0_L1C,0.25,1.0,144673,0.8678436030329206
2022-03-13,2022,72,S2B_22WDD_20220313_0_L1C,0.09,1.0,121907,0.7312781936846147
2022-03-13,2022,72,S2B_22WDD_20220313_0_L1C,0.13,1.0,121907,0.7312781936846147
2022-03-13,2022,72,S2B_22WDD_20220313_0_L1C,0.17,1.0,121907,0.7312781936846147
2022-03-13,2022,72,S2B_22WDD_20220313_0_L1C,0.21,1.0,121907,0.7312781936846147
2022-03-13,2022,72,S2B_22WDD_20220313_0_L1C,0.25,1.0,121907,0.7312781936846147
2022-03-30,2022,89,S2B_22WDD_20220330_0_L1C,0.09,0.9969208350492603,157835,0.9467979172665323
2022-03-30,2022,89,S2B_22WDD_20220330_0_L1C,0.13,0.9957233820128615,157835,0.9467979172665323
2022-03-30,2022,89,S2B_22WDD_20220330_0_L1C,0.17,0.994713527784124,157572,0.9452202706593723
2022-03-30,2022,89,S2B_22WDD_20220330_0_L1C,0.21,0.993699219628119,155695,0.9339607927824167
2022-03-30,2022,89,S2B_22WDD_20220330_0_L1C,0.25,0.9924998542717799,154397,0.9261745369037335
2022-04-17,2022,107,S2A_22WDD_20220417_0_L1C,0.09,1.0,157835,0.9467979172665323
2022-04-17,2022,107,S2A_22WDD_20220417_0_L1C,0.13,1.0,157835,0.9467979172665323
2022-04-17,2022,107,S2A_22WDD_20220417_0_L1C,0.17,0.9996832134824342,157835,0.9467979172665323
2022-04-17,2022,107,S2A_22WDD_20220417_0_L1C,0.21,0.9990939159306054,157822,0.9467199347346195
2022-04-17,2022,107,S2A_22WDD_20220417_0_L1C,0.25,0.9990811560957372,157807,0.9466299548901046
2022-05-06,2022,126,S2B_22WDD_20220506_0_L1C,0.09,0.999773452785501,145665,0.8737942700835013
2022-05-06,2022,126,S2B_22WDD_20220506_0_L1C,0.13,0.9996086858021598,145663,0.8737822727708994
2022-05-06,2022,126,S2B_22WDD_20220506_0_L1C,0.17,0.9995880846623324,145661,0.8737702754582973
2022-05-06,2022,126,S2B_22WDD_20220506_0_L1C,0.21,0.999540015241286,145657,0.8737462808330934
2022-05-06,2022,126,S2B_22WDD_20220506_0_L1C,0.25,0.9994712990936556,145640,0.8736443036759766
2022-05-25,2022,145,S2B_22WDD_20220525_0_L1C,0.09,0.8564792141827696,142934,0.8574119397255014
2022-05-25,2022,145,S2B_22WDD_20220525_0_L1C,0.13,0.8512101695154384,141757,0.850351521259238
2022-05-25,2022,145,S2B_22WDD_20220525_0_L1C,0.17,0.8471503515220727,140105,0.8404417410500048
2022-05-25,2022,145,S2B_22WDD_20220525_0_L1C,0.21,0.8424549631682591,137110,0.8224757654285441
2022-05-25,2022,145,S2B_22WDD_20220525_0_L1C,0.25,0.8369199831922685,133272,0.7994529225453498
2022-06-08,2022,159,S2B_22WDD_20220608_0_L1C,0.09,0.09580464565274159,157007,0.9418310298493138
2022-06-08,2022,159,S2B_22WDD_20220608_0_L1C,0.13,0.05712373528601236,152406,0.9142312122084653
2022-06-08,2022,159,S2B_22WDD_20220608_0_L1C,0.17,0.02329003037535257,147488,0.8847298205202034
2022-06-08,2022,159,S2B_22WDD_20220608_0_L1C,0.21,0.006595315052066463,145103,0.8704230252423457
2022-06-08,2022,159,S2B_22WDD_20220608_0_L1C,0.25,0.003035751331166586,144610,0.8674656876859583
2022-06-28,2022,179,S2B_22WDD_20220628_0_L1C,0.09,0.025500922292864433,157759,0.9463420193876572
2022-06-28,2022,179,S2B_22WDD_20220628_0_L1C,0.13,0.01596769694971982,157756,0.9463240234187542
2022-06-28,2022,179,S2B_22WDD_20220628_0_L1C,0.17,0.011158449989855955,157728,0.9461560610423265
2022-06-28,2022,179,S2B_22WDD_20220628_0_L1C,0.21,0.008151122444448673,157647,0.9456701698819464
2022-06-28,2022,179,S2B_22WDD_20220628_0_L1C,0.25,0.005992167018960384,157539,0.9450223150014396
2023-02-23,2023,54,S2B_22WDD_20230223_0_L1C,0.09,0.7455254398478364,157725,0.9461380650734236
2023-02-23,2023,54,S2B_22WDD_20230223_0_L1C,0.13,0.6893418467583498,154736,0.9282080813897687
2023-02-23,2023,54,S2B_22WDD_20230223_0_L1C,0.17,0.6841871869782972,153344,0.9198579518187926
2023-02-23,2023,54,S2B_22WDD_20230223_0_L1C,0.21,0.6816944460843156,152451,0.9145011517420097
2023-02-23,2023,54,S2B_22WDD_20230223_0_L1C,0.25,0.6804425128407744,151860,0.9109559458681256
2023-03-12,2023,71,S2B_22WDD_20230312_0_L1C,0.09,0.3038069654807441,149279,0.895473413955274
2023-03-12,2023,71,S2B_22WDD_20230312_0_L1C,0.13,0.29065551467385115,149211,0.8950655053268068
2023-03-12,2023,71,S2B_22WDD_20230312_0_L1C,0.17,0.287271531269088,148981,0.8936858143775794
2023-03-12,2023,71,S2B_22WDD_20230312_0_L1C,0.21,0.2786206896551724,147900,0.8872012669162108
2023-03-12,2023,71,S2B_22WDD_20230312_0_L1C,0.25,0.26975901555289694,146275,0.8774534504271043
2023-03-30,2023,89,S2A_22WDD_20230330_0_L1C,0.09,0.9959007824626984,157835,0.9467979172665323
2023-03-30,2023,89,S2A_22WDD_20230330_0_L1C,0.13,0.9941013602985433,157833,0.9467859199539304
2023-03-30,2023,89,S2A_22WDD_20230330_0_L1C,0.17,0.993397589129351,156458,0.938537767540071
2023-03-30,2023,89,S2A_22WDD_20230330_0_L1C,0.21,0.9928307861671548,147157,0.8827442652845763
2023-03-30,2023,89,S2A_22WDD_20230330_0_L1C,0.25,0.9921227810650888,135200,0.8110183318936558
2023-04-17,2023,107,S2B_22WDD_20230417_0_L1C,0.09,0.9910044084356011,117502,0.70485411267876
2023-04-17,2023,107,S2B_22WDD_20230417_0_L1C,0.13,0.9344119456024055,117064,0.7022267012189269
2023-04-17,2023,107,S2B_22WDD_20230417_0_L1C,0.17,0.8300014592149424,109648,0.6577406660907956
2023-04-17,2023,107,S2B_22WDD_20230417_0_L1C,0.21,0.729413570434039,91213,0.5471554371820713
2023-04-17,2023,107,S2B_22WDD_20230417_0_L1C,0.25,0.657948304336137,78111,0.46856104232651885
2023-05-02,2023,122,S2A_22WDD_20230502_0_L1C,0.09,0.02608833407261897,157810,0.9466479508590075
2023-05-02,2023,122,S2A_22WDD_20230502_0_L1C,0.13,0.023556789935575508,157704,0.9460120932911028
2023-05-02,2023,122,S2A_22WDD_20230502_0_L1C,0.17,0.021507491765721285,157573,0.9452262693156733
2023-05-02,2023,122,S2A_22WDD_20230502_0_L1C,0.21,0.01907943625473969,157447,0.9444704386217487
2023-05-02,2023,122,S2A_22WDD_20230502_0_L1C,0.25,0.016344006667387695,157183,0.9428867933582877
2023-05-25,2023,145,S2A_22WDD_20230525_0_L1C,0.09,0.17286369082713632,157737,0.9462100489490354
2023-05-25,2023,145,S2A_22WDD_20230525_0_L1C,0.13,0.164492090136833,157272,0.9434206737690757
2023-05-25,2023,145,S2A_22WDD_20230525_0_L1C,0.17,0.15527576401875143,156148,0.9366781840867645
2023-05-25,2023,145,S2A_22WDD_20230525_0_L1C,0.21,0.14742592221913722,154871,0.9290178999904022
2023-05-25,2023,145,S2A_22WDD_20230525_0_L1C,0.25,0.1403875318115843,153639,0.9216275554275842
2023-06-09,2023,160,S2B_22WDD_20230609_0_L1C,0.09,0.635144326575421,83803,0.5027053939917459
2023-06-09,2023,160,S2B_22WDD_20230609_0_L1C,0.13,0.05679210034694422,74940,0.4495393031960841
2023-06-09,2023,160,S2B_22WDD_20230609_0_L1C,0.17,0.005209201533588932,71988,0.4318312697955658
2023-06-09,2023,160,S2B_22WDD_20230609_0_L1C,0.21,0.0013665964775278548,71711,0.430169642000192
2023-06-09,2023,160,S2B_22WDD_20230609_0_L1C,0.25,0.0009486474798063643,71681,0.4299896823111623
2023-06-26,2023,177,S2B_21WXU_20230626_0_L1C,0.09,0.010461562963479092,100463,0.5377097438916691
2023-06-26,2023,177,S2B_21WXU_20230626_0_L1C,0.13,0.006363010761267416,100267,0.5366606899135601
2023-06-26,2023,177,S2B_21WXU_20230626_0_L1C,0.17,0.004758247129589913,100247,0.5365536435892633
2023-06-26,2023,177,S2B_21WXU_20230626_0_L1C,0.21,0.0037911665818642563,100233,0.5364787111622554
2023-06-26,2023,177,S2B_21WXU_20230626_0_L1C,0.25,0.0029437004809707225,100214,0.5363770171541735
2024-02-26,2024,57,S2A_22WDD_20240226_0_L1C,0.09,0.9180635148042025,83760,0.5024474517708033
2024-02-26,2024,57,S2A_22WDD_20240226_0_L1C,0.13,0.877579159294735,81955,0.491619877147519
2024-02-26,2024,57,S2A_22WDD_20240226_0_L1C,0.17,0.7508218701251821,77567,0.4652977732987811
2024-02-26,2024,57,S2A_22WDD_20240226_0_L1C,0.21,0.7239303771473892,70609,0.42355912275650254
2024-02-26,2024,57,S2A_22WDD_20240226_0_L1C,0.25,0.7051161805639599,66104,0.396535176120549
2024-03-11,2024,71,S2A_22WDD_20240311_0_L1C,0.09,0.9998097212744738,152408,0.9142432095210673
2024-03-11,2024,71,S2A_22WDD_20240311_0_L1C,0.13,0.999809720025983,152407,0.9142372108647663
2024-03-11,2024,71,S2A_22WDD_20240311_0_L1C,0.17,0.9997768955674399,152395,0.9141652269891545
2024-03-11,2024,71,S2A_22WDD_20240311_0_L1C,0.21,0.9997703140790907,152382,0.9140872444572415
2024-03-11,2024,71,S2A_22WDD_20240311_0_L1C,0.25,0.9997627927203722,151766,0.9103920721758326
2024-03-29,2024,89,S2B_22WDD_20240329_0_L1C,0.09,0.9957550606646182,157835,0.9467979172665323
2024-03-29,2024,89,S2B_22WDD_20240329_0_L1C,0.13,0.9947350080780561,157835,0.9467979172665323
2024-03-29,2024,89,S2B_22WDD_20240329_0_L1C,0.17,0.9946399721227864,157835,0.9467979172665323
2024-03-29,2024,89,S2B_22WDD_20240329_0_L1C,0.21,0.9946267900139399,157820,0.9467079374220174
2024-03-29,2024,89,S2B_22WDD_20240329_0_L1C,0.25,0.9946261771080215,157802,0.9465999616085997
2024-04-16,2024,107,S2A_22WDD_20240416_0_L1C,0.09,0.9993094053917065,157835,0.9467979172665323
2024-04-16,2024,107,S2A_22WDD_20240416_0_L1C,0.13,0.9990242975258973,157835,0.9467979172665323
2024-04-16,2024,107,S2A_22WDD_20240416_0_L1C,0.17,0.9989736116830867,157835,0.9467979172665323
2024-04-16,2024,107,S2A_22WDD_20240416_0_L1C,0.21,0.9989672105179788,157825,0.9467379307035224
2024-04-16,2024,107,S2A_22WDD_20240416_0_L1C,0.25,0.9989671516196077,157816,0.9466839427968136
2024-05-05,2024,126,S2B_22WDD_20240505_0_L1C,0.09,0.9952516747837514,147631,0.8855876283712448
2024-05-05,2024,126,S2B_22WDD_20240505_0_L1C,0.13,0.9802707089640934,147243,0.8832601497264613
2024-05-05,2024,126,S2B_22WDD_20240505_0_L1C,0.17,0.9502108814846056,142260,0.8533688453786352
2024-05-05,2024,126,S2B_22WDD_20240505_0_L1C,0.21,0.9032864134305065,131998,0.7918106344178903
2024-05-05,2024,126,S2B_22WDD_20240505_0_L1C,0.25,0.8584529976545231,118526,0.7109967367309723
2024-05-23,2024,144,S2A_22WDD_20240523_0_L1C,0.09,0.9985999417575772,89282,0.5355720318648622
2024-05-23,2024,144,S2A_22WDD_20240523_0_L1C,0.13,0.997480876516938,86935,0.5214931855264421
2024-05-23,2024,144,S2A_22WDD_20240523_0_L1C,0.17,0.9970075762728002,73519,0.4410152125923793
2024-05-23,2024,144,S2A_22WDD_20240523_0_L1C,0.21,0.9962217259156018,59551,0.35722598138017086
2024-05-23,2024,144,S2A_22WDD_20240523_0_L1C,0.25,0.9956181653950378,52033,0.3121280833093387
2024-06-10,2024,162,S2B_22WDD_20240610_0_L1C,0.09,0.0008951716678167135,107242,0.6433078990306171
2024-06-10,2024,162,S2B_22WDD_20240610_0_L1C,0.13,0.0006340858440335319,107241,0.6433019003743161
2024-06-10,2024,162,S2B_22WDD_20240610_0_L1C,0.17,0.0004942508369625022,107233,0.6432539111239083
2024-06-10,2024,162,S2B_22WDD_20240610_0_L1C,0.21,0.00044764427201850264,107228,0.6432239178424033
2024-06-10,2024,162,S2B_22WDD_20240610_0_L1C,0.25,0.0004010296202342759,107224,0.6431999232171993
2024-06-22,2024,174,S2A_22WDD_20240622_0_L1C,0.09,0.002734175223258193,152514,0.914879067088972
2024-06-22,2024,174,S2A_22WDD_20240622_0_L1C,0.13,0.0018293402572878556,152514,0.914879067088972
2024-06-22,2024,174,S2A_22WDD_20240622_0_L1C,0.17,0.001304798248029689,152514,0.914879067088972
2024-06-22,2024,174,S2A_22WDD_20240622_0_L1C,0.21,0.0010228569180534247,152514,0.914879067088972
2024-06-22,2024,174,S2A_22WDD_20240622_0_L1C,0.25,0.0007868181728770662,152513,0.9148730684326711
2025-02-24,2025,55,S2C_22WDD_20250224_0_L1C,0.09,0.5974813005647993,65510,0.39297197427776176
2025-02-24,2025,55,S2C_22WDD_20250224_0_L1C,0.13,0.35205316067473164,58690,0.35206113830501967
2025-02-24,2025,55,S2C_22WDD_20250224_0_L1C,0.17,0.17823330863587716,48588,0.29146271235243304
2025-02-24,2025,55,S2C_22WDD_20250224_0_L1C,0.21,0.07625287356321839,43500,0.26094154909300316
2025-02-24,2025,55,S2C_22WDD_20250224_0_L1C,0.25,0.023797960174842158,41180,0.24702466647470966
2025-03-14,2025,73,S2A_22WDD_20250314_0_L1C,0.09,0.05326647987022563,67810,0.4067688837700355
2025-03-14,2025,73,S2A_22WDD_20250314_0_L1C,0.13,0.015107957673252187,65396,0.3922881274594491
2025-03-14,2025,73,S2A_22WDD_20250314_0_L1C,0.17,0.008763163963409946,65045,0.3901825990978021
2025-03-14,2025,73,S2A_22WDD_20250314_0_L1C,0.21,0.006024374836294162,64903,0.3893307899030617
2025-03-14,2025,73,S2A_22WDD_20250314_0_L1C,0.25,0.0038750115787198566,64774,0.3885569632402342
2025-03-30,2025,89,S2B_22WDD_20250330_0_L1C,0.09,1.0,157835,0.9467979172665323
2025-03-30,2025,89,S2B_22WDD_20250330_0_L1C,0.13,1.0,157835,0.9467979172665323
2025-03-30,2025,89,S2B_22WDD_20250330_0_L1C,0.17,1.0,157835,0.9467979172665323
2025-03-30,2025,89,S2B_22WDD_20250330_0_L1C,0.21,1.0,157782,0.9464799884825799
2025-03-30,2025,89,S2B_22WDD_20250330_0_L1C,0.25,1.0,157642,0.9456401766004415
2025-04-17,2025,107,S2A_22WDD_20250417_1_L1C,0.09,0.9787906167386139,149415,0.8962892312122085
2025-04-17,2025,107,S2A_22WDD_20250417_1_L1C,0.13,0.842178855857499,148041,0.8880470774546502
2025-04-17,2025,107,S2A_22WDD_20250417_1_L1C,0.17,0.712831119820016,137790,0.8265548517132162
2025-04-17,2025,107,S2A_22WDD_20250417_1_L1C,0.21,0.6515933329588406,124613,0.7475105576350898
2025-04-17,2025,107,S2A_22WDD_20250417_1_L1C,0.25,0.6143472348141432,114712,0.6881178615990018
2025-05-06,2025,126,S2A_22WDD_20250506_1_L1C,0.09,1.0,76404,0.45832133602073133
2025-05-06,2025,126,S2A_22WDD_20250506_1_L1C,0.13,1.0,76404,0.45832133602073133
2025-05-06,2025,126,S2A_22WDD_20250506_1_L1C,0.17,1.0,76404,0.45832133602073133
2025-05-06,2025,126,S2A_22WDD_20250506_1_L1C,0.21,1.0,76404,0.45832133602073133
2025-05-06,2025,126,S2A_22WDD_20250506_1_L1C,0.25,1.0,76404,0.45832133602073133
2025-05-27,2025,147,S2A_22WDD_20250527_0_L1C,0.09,0.0,145433,0.872402581821672
2025-05-27,2025,147,S2A_22WDD_20250527_0_L1C,0.13,0.0,145433,0.872402581821672
2025-05-27,2025,147,S2A_22WDD_20250527_0_L1C,0.17,0.0,145433,0.872402581821672
2025-05-27,2025,147,S2A_22WDD_20250527_0_L1C,0.21,0.0,145433,0.872402581821672
2025-05-27,2025,147,S2A_22WDD_20250527_0_L1C,0.25,0.0,145433,0.872402581821672
2025-06-12,2025,163,S2A_22WDD_20250612_1_L1C,0.09,0.0006465435275921958,157762,0.9463600153565601
2025-06-12,2025,163,S2A_22WDD_20250612_1_L1C,0.13,0.0005070961771286947,157761,0.9463540167002591
2025-06-12,2025,163,S2A_22WDD_20250612_1_L1C,0.17,0.0004246984324190696,157759,0.9463420193876572
2025-06-12,2025,163,S2A_22WDD_20250612_1_L1C,0.21,0.0003486440914334977,157754,0.9463120261061522
2025-06-12,2025,163,S2A_22WDD_20250612_1_L1C,0.25,0.0002662474326140426,157748,0.9462760341683463
2025-06-25,2025,176,S2B_22WDD_20250625_0_L1C,0.09,0.0006338943298152198,157755,0.9463180247624532
2025-06-25,2025,176,S2B_22WDD_20250625_0_L1C,0.13,0.00038668289467011513,157752,0.9463000287935502
2025-06-25,2025,176,S2B_22WDD_20250625_0_L1C,0.17,0.00026624068157614486,157752,0.9463000287935502
2025-06-25,2025,176,S2B_22WDD_20250625_0_L1C,0.21,0.0001774937877174299,157752,0.9463000287935502
2025-06-25,2025,176,S2B_22WDD_20250625_0_L1C,0.25,0.00010142502155281708,157752,0.9463000287935502
2026-02-27,2026,58,S2B_22WDD_20260227_0_L1C,0.09,0.6853072479827796,157023,0.9419270083501295
2026-02-27,2026,58,S2B_22WDD_20260227_0_L1C,0.13,0.6488224156484547,146826,0.880758710048949
2026-02-27,2026,58,S2B_22WDD_20260227_0_L1C,0.17,0.6172473455384342,135244,0.8112822727708994
2026-02-27,2026,58,S2B_22WDD_20260227_0_L1C,0.21,0.5812987768424114,123778,0.7425016796237642
2026-02-27,2026,58,S2B_22WDD_20260227_0_L1C,0.25,0.5455884415766588,114064,0.6842307323159612
2026-03-12,2026,71,S2B_22WDD_20260312_0_L1C,0.09,0.5801946953330384,153676,0.9218495057107208
2026-03-12,2026,71,S2B_22WDD_20260312_0_L1C,0.13,0.4318537348455221,143192,0.8589595930511565
2026-03-12,2026,71,S2B_22WDD_20260312_0_L1C,0.17,0.3380631646547045,130801,0.7846302428256071
2026-03-12,2026,71,S2B_22WDD_20260312_0_L1C,0.21,0.2686264908247363,120487,0.7227601017372108
2026-03-12,2026,71,S2B_22WDD_20260312_0_L1C,0.25,0.2037275353449905,111119,0.6665646895095498
2026-03-30,2026,89,S2C_22WDD_20260330_0_L1C,0.09,1.0,154183,0.924890824455322
2026-03-30,2026,89,S2C_22WDD_20260330_0_L1C,0.13,1.0,154183,0.924890824455322
2026-03-30,2026,89,S2C_22WDD_20260330_0_L1C,0.17,1.0,154183,0.924890824455322
2026-03-30,2026,89,S2C_22WDD_20260330_0_L1C,0.21,1.0,154183,0.924890824455322
2026-03-30,2026,89,S2C_22WDD_20260330_0_L1C,0.25,1.0,154182,0.924884825799021
2026-04-16,2026,106,S2C_22WDD_20260416_0_L1C,0.09,1.0,157835,0.9467979172665323
2026-04-16,2026,106,S2C_22WDD_20260416_0_L1C,0.13,1.0,157835,0.9467979172665323
2026-04-16,2026,106,S2C_22WDD_20260416_0_L1C,0.17,1.0,157835,0.9467979172665323
2026-04-16,2026,106,S2C_22WDD_20260416_0_L1C,0.21,1.0,157814,0.9466719454842115
2026-04-16,2026,106,S2C_22WDD_20260416_0_L1C,0.25,1.0,157797,0.9465699683270947
2026-05-06,2026,126,S2C_22WDD_20260506_0_L1C,0.09,0.5694472603781235,157832,0.9467799212976293
2026-05-06,2026,126,S2C_22WDD_20260506_0_L1C,0.13,0.5282152023066443,157805,0.9466179575775027
2026-05-06,2026,126,S2C_22WDD_20260506_0_L1C,0.17,0.48922077508518297,157015,0.9418790190997217
2026-05-06,2026,126,S2C_22WDD_20260506_0_L1C,0.21,0.4586443695142313,153921,0.923319176504463
2026-05-06,2026,126,S2C_22WDD_20260506_0_L1C,0.25,0.42220739752427544,148401,0.890206593723006
2026-05-26,2026,146,S2C_22WDD_20260526_0_L1C,0.09,0.001141979812334651,157621,0.9455142048181208
2026-05-26,2026,146,S2C_22WDD_20260526_0_L1C,0.13,0.0008946303146433851,157607,0.9454302236299069
2026-05-26,2026,146,S2C_22WDD_20260526_0_L1C,0.17,0.0007424187622546687,157593,0.9453462424416931
2026-05-26,2026,146,S2C_22WDD_20260526_0_L1C,0.21,0.0006028683843127301,157580,0.9452682599097803
2026-05-26,2026,146,S2C_22WDD_20260526_0_L1C,0.25,0.0005140670318023444,157567,0.9451902773778673
2026-06-10,2026,161,S2B_22WDD_20260610_0_L1C,0.09,0.0009763891354518019,157724,0.9461320664171226
2026-06-10,2026,161,S2B_22WDD_20260610_0_L1C,0.13,0.0007798432705231924,157724,0.9461320664171226
2026-06-10,2026,161,S2B_22WDD_20260610_0_L1C,0.17,0.0006086581623595648,157724,0.9461320664171226
2026-06-10,2026,161,S2B_22WDD_20260610_0_L1C,0.21,0.0005515964596383556,157724,0.9461320664171226
2026-06-10,2026,161,S2B_22WDD_20260610_0_L1C,0.25,0.0004691769748229491,157723,0.9461260677608215
2026-06-29,2026,180,S2C_22WDD_20260629_0_L1C,0.09,0.0017478045869213062,93832,0.5628659180343603
2026-06-29,2026,180,S2C_22WDD_20260629_0_L1C,0.13,0.0012042799897689488,93832,0.5628659180343603
2026-06-29,2026,180,S2C_22WDD_20260629_0_L1C,0.17,0.0007886435331230284,93832,0.5628659180343603
2026-06-29,2026,180,S2C_22WDD_20260629_0_L1C,0.21,0.0005435303897432618,93831,0.5628599193780593
2026-06-29,2026,180,S2C_22WDD_20260629_0_L1C,0.25,0.00038366851040700837,93831,0.5628599193780593
