day,scene,sun_elevation,cloud_at_40m,cloud_at_10m,cloud_10m_pooled,cloud_agreement,ice_10m,share_10m,ice_20m,share_20m,ice_40m,share_40m,ice_80m,share_80m,ice_40m_native_cloud,share_40m_native_cloud,mixed_cells
2017-02-26,S2A_22WDD_20170226_0_L1C,10.744376514623298,0.0005278817544869949,0.06131481364999206,0.062176072559746616,0.9383518091947404,0.9522232136791605,0.8983480400525967,0.9523753964827831,0.8985221394532455,0.9527388756124587,0.898634705825895,0.9542681295156543,0.8986629472874182,0.9492578603731124,0.8369865150206354,0.004082828807587534
2017-04-30,S2A_22WDD_20170430_0_L1C,34.2434936909008,0.47051060562434016,0.5918874172185431,0.5940349361742969,0.8659540262981092,1.0,0.48788605138066443,1.0,0.48813578105858424,1.0,0.4875587868317497,1.0,0.4877116198537899,1.0,0.3627507438333813,0.0
2017-06-12,S2A_22WDD_20170612_0_L1C,42.4307382467631,0.43120141088396197,0.6407876331766813,0.6430319608407716,0.787821527977733,0.012906262987359278,0.5090048702903304,0.012597750024226442,0.5099981728923114,0.012202720336691628,0.5102637009309915,0.011471462965585611,0.5094026548672567,0.01615744511582975,0.31668706209809006,0.018972777688289574
2018-02-26,S2B_22WDD_20180226_0_L1C,10.652794251650107,0.0,0.004243532488071383,0.0043250311930127655,0.9956749688069872,0.9496131574396086,0.8984109404812183,0.9498277135326978,0.8983873528204852,0.9502462988425957,0.8987066897015069,0.9521414622401755,0.8989274721046556,0.9500057009866061,0.894381658508494,0.0043170068752331715
2018-04-26,S2B_22WDD_20180426_1_L1C,32.7881683351352,0.16826230924272964,0.5712470908551762,0.5741853824743257,0.5863626547653326,1.0,0.780335978146594,1.0,0.7803771629510485,1.0,0.7799872828486419,1.0,0.7803001154290111,1.0,0.38101665226989156,0.0
2018-06-27,S2A_22WDD_20180627_0_L1C,42.5655665064344,0.0,2.995258505785342e-06,5.998656300988578e-06,0.999994001343699,0.0078102858916122946,0.9459071290147696,0.007424606453124159,0.9462291193041416,0.006257012989482893,0.9462460408868414,0.004372362601047334,0.9459888418622547,0.006257052655602186,0.9462400422305404,0.022174829290519376
2019-02-24,S2B_22WDD_20190224_0_L1C,9.869781028291797,0.000113974469718783,0.035785102183243926,0.03640584509069968,0.9635521643151934,0.9523047208059997,0.946739810879378,0.952348108905049,0.9467218393283432,0.9525206569676078,0.9466839427968136,0.953889538133225,0.9465659869180454,0.9506279403819037,0.9103920721758326,0.010075582682394611
2019-04-26,S2A_22WDD_20190426_0_L1C,32.7114202206115,0.0,0.0010168902627141236,0.0010197715711680584,0.9989802284288319,0.9995761157014336,0.9468730998828854,0.999568195118865,0.9468461425563334,0.999600848987867,0.9467979172665323,0.9997713705067954,0.9466381300500193,0.9996004312805226,0.9458081389768692,0.00018972931950417404
2019-06-29,S2A_22WDD_20190629_0_L1C,42.5080011614928,0.6088396199251368,0.9417871509400619,0.9450703042518476,0.6534756214607927,0.004332393265137445,0.34291628851528033,0.003983508102124247,0.34362504155921175,0.003172500348626412,0.34413091467511275,0.0018867924528301887,0.3441227395151982,0.01265389876880985,0.03508014204818121,0.010345230348233802
2020-02-22,S2B_22WDD_20200222_0_L1C,9.063344333470397,0.6523838660140129,0.8486331137808849,0.8518031960840772,0.7396943084749016,1.0,0.3371212121212121,1.0,0.337594088557813,1.0,0.3366265956425761,1.0,0.33719699884570986,1.0,0.12884513868893369,0.0
2020-04-25,S2B_22WDD_20200425_0_L1C,32.6367775814709,0.5132930223629907,0.8032822791521023,0.8063993665418946,0.6940925232747864,0.8084040229547995,0.42133627467718604,0.8108365120198705,0.422069364196477,0.814641855432322,0.4213276226125348,0.821710300674517,0.42069065025009617,0.6052736239261852,0.15083021403205682,0.10201781689384995
2020-06-28,S2B_22WDD_20200628_0_L1C,42.5220914026573,0.003431231404165467,0.009197315649327116,0.009327910548037239,0.9940193396679143,0.0005856753730454326,0.942929842060019,0.0005527793044511442,0.9428265056415694,0.00045815516188149055,0.9427008350129571,0.0003317257393656383,0.9424057329742208,0.00046097701517382677,0.936930127651406,0.0015111207055282891
2021-02-24,S2A_22WDD_20210224_0_L1C,10.057844386036393,0.0,0.0010719281377579292,0.0011397446971878299,0.9988602553028122,0.4290216313464853,0.8438785153102638,0.43282381620533755,0.8453458175707854,0.4384174344236892,0.8516412323639505,0.4455617004636612,0.8609561369757599,0.4384065891445536,0.8506634513868894,0.040621485182182
2021-04-25,S2A_22WDD_20210425_0_L1C,32.5583936282445,0.294132114406373,0.434083346063182,0.43641424320952105,0.826176936366254,0.37710728323341086,0.6281184385118358,0.3786396672848338,0.6290926463408425,0.3806204950230731,0.6291630674728861,0.38138126628851754,0.6274528664871104,0.3710332737115173,0.5064125635857568,0.1326247516214899
2021-06-24,S2A_22WDD_20210624_0_L1C,42.5811437721246,0.0017036183894807563,0.002814794180811775,0.0028493617429695747,0.9975345522602936,0.005305959702133799,0.9446341441498108,0.005084568406232758,0.9446026939355001,0.004534859349495385,0.9444704386217487,0.003463997351060849,0.9441371681415929,0.004540280683458499,0.9433426912371629,0.010973267320456174
2022-02-23,S2A_22WDD_20220223_0_L1C,9.597769488904007,0.012897111047125443,0.021805481922117287,0.02207505518763797,0.9906300988578558,1.0,0.9257366838294979,1.0,0.9263031620944046,1.0,0.9265584509069968,1.0,0.9268468641785302,1.0,0.9220834533064594,0.0
2022-04-30,S2A_22WDD_20220430_0_L1C,34.043948083659,0.0025854208657260774,0.018103342408966605,0.018343890968423072,0.984241529897303,0.968874459063186,0.9446929260979869,0.9689665996588308,0.9446625991056158,0.969161400946242,0.9445784144351665,0.9696421749649815,0.9442333589842247,0.9700358874753997,0.9327070736155101,0.00238834336395312
2022-06-28,S2B_22WDD_20220628_0_L1C,42.5480826859678,0.0,9.734590143802362e-06,5.998656300988578e-06,0.999994001343699,0.01570755985050162,0.9442679737974786,0.014199868291076721,0.9460464085352887,0.011158449989855955,0.9461560610423265,0.007118342443116817,0.9459166987302808,0.011158520735194355,0.9461500623860255,0.056114862085766895
2023-02-23,S2B_22WDD_20230223_0_L1C,9.508667429672101,0.0,0.018956242268488983,0.0191177176312506,0.9808822823687494,0.6835863703674782,0.9205668676485124,0.6837930321900388,0.9203965123209958,0.6841871869782972,0.9198579518187926,0.686510532513411,0.918983262793382,0.6774842331692829,0.900740234187542,0.009263935862108648
2023-04-27,S2B_22WDD_20230427_0_L1C,33.1289916929727,0.39917458489298396,0.4555900509493472,0.45821935886361453,0.8243893367885594,0.9498826280260922,0.4874199142757016,0.9509845173853085,0.4876146060785776,0.9529327734197013,0.48710888760917553,0.9572078757296923,0.4861004232397076,0.9505767340816221,0.46388808906804874,0.019519326355183907
2023-06-26,S2B_21WXU_20230626_0_L1C,42.6683794281198,0.406706452217197,0.4593293477171771,0.46139106698423743,0.8969839698129366,0.005551609045194219,0.5364553622123509,0.0053027417415398865,0.5369106973386978,0.004758247129589913,0.5365536435892633,0.0037137608817187128,0.5386303019874387,0.004848431903555517,0.4901437096903685,0.014422649779366034
2024-02-26,S2A_22WDD_20240226_0_L1C,10.549300075979204,0.3255110855168442,0.43848862251056575,0.4405233227756982,0.7230720318648622,0.7498354297363726,0.4635435855041469,0.7494804939576212,0.464850641434609,0.7508218701251821,0.4652977732987811,0.7566421999379717,0.46522701038861103,0.6141648431801605,0.41120788943276704,0.04429968936900181
2024-04-24,S2B_22WDD_20240424_0_L1C,32.3238466954868,0.06353176888377003,0.06336094961675667,0.06357975813417795,0.97900470294654,0.022306000894801458,0.882876781055589,0.02040002781976187,0.8828659232435055,0.016573234124961776,0.8827922545349841,0.010735402305114302,0.8825750288572528,0.016558337917778818,0.8832241577886554,0.06474503510803253
2024-06-22,S2A_22WDD_20240622_0_L1C,42.7181746561874,0.031492945580190036,0.004489518092859004,0.004540982819848354,0.9644939533544487,0.0017254649078408612,0.9150436109638442,0.0016285418739852302,0.9150155304153526,0.001304798248029689,0.914879067088972,0.0007363189312856655,0.9144622931896883,0.001267459412637653,0.9418310298493138,0.005200191000726064
2025-02-24,S2C_22WDD_20250224_0_L1C,10.019914022765406,0.39298397159036375,0.6775398294499807,0.6799416930607544,0.7033844418850178,0.18346378709945368,0.2929830827799593,0.18192329139957128,0.2927370971751717,0.17823330863587716,0.29146271235243304,0.17512017238521466,0.29015967679876875,0.1420401685546982,0.21922689317592858,0.0612999645372106
2025-04-27,S2A_22WDD_20250427_1_L1C,33.3419020747765,0.12381226605240427,0.42263509364675717,0.4253827142720031,0.6523598713888089,0.7001498495208593,0.564923351334837,0.7008439714429788,0.5642917261974295,0.7023680347226655,0.5638856896055283,0.7051794522878041,0.5655059638322432,0.7242632437843693,0.43742801612438814,0.05812173263629574
2025-06-25,S2B_22WDD_20250625_0_L1C,42.6294748130491,0.0,0.00022426998062067746,0.000227948939437566,0.9997720510605624,0.0003611807802770767,0.9464342945117878,0.00034180730613116855,0.94640434192673,0.00026624068157614486,0.9463000287935502,0.0001525165226232842,0.9460369372835706,0.0002662946994674106,0.9461080717919186,0.0011137830654347552
2026-02-27,S2B_22WDD_20260227_0_L1C,11.104199927341895,0.0,0.006540146947382293,0.006610519243689414,0.9933894807563106,0.6067845113153614,0.8195502769116488,0.6101212303449894,0.8168189755616858,0.6172473455384342,0.8112822727708994,0.6294885255737214,0.8016304347826086,0.6192461789583025,0.8084988962472406,0.06024799803618462
2026-04-29,S2C_22WDD_20260429_0_L1C,33.7484579732577,0.02566225165562914,0.27715089513300445,0.27901550052788177,0.7465747672521356,0.8371666499448179,0.8396364804514453,0.8370532530876522,0.8400861436346264,0.8371385952766696,0.8404897303004127,0.837626876340243,0.8410686802616391,0.7937373467282937,0.62815529321432,0.0018967713352162597
2026-06-29,S2C_22WDD_20260629_0_L1C,42.4739726146987,0.3315037431615318,0.5493671018777275,0.5513784912179672,0.7476605240426144,0.000947162795764203,0.5636885560158269,0.000905963150413794,0.5637001626425369,0.0007886435331230284,0.5628659180343603,0.000513764610181102,0.5616823778376299,0.001268038291184455,0.3358767636049525,0.00281402162686284
