day,season,doy,scene,sun_elevation,scene_cloud,landsat_ice,landsat_share
2013-03-22,2013,81,LC08_L1TP_011010_20130322_20200912_02_T1,19.89537121,0.02,0.05236968262637296,0.9977988395824207
2013-03-30,2013,89,LC08_L1TP_013010_20130330_20200913_02_T1,23.04425377,0.81,0.09793166046069511,0.996712506366625
2013-04-04,2013,94,LC08_L1TP_012010_20130404_20200912_02_T1,24.97195933,23.92,0.15130777331689557,0.9909531594487838
2013-04-09,2013,99,LC08_L1TP_012010_20130409_20200913_02_T1,26.8569425,0.15,0.14782775716108082,0.9828145647009378
2013-04-16,2013,106,LC08_L1TP_012010_20130416_20200913_02_T1,29.39832537,95.19,,0.0
2013-04-18,2013,108,LC08_L1TP_010011_20130418_20200913_02_T1,31.37273031,8.45,1.0,0.25129013451946536
2013-04-23,2013,113,LC08_L1TP_013010_20130423_20200912_02_T1,31.79947782,3.25,0.8265636252243731,0.994123115389958
2013-05-04,2013,124,LC08_L1TP_010010_20130504_20200912_02_T1,35.20655031,0.88,0.002065573317490363,0.5155773059648598
2013-05-11,2013,131,LC08_L1TP_011010_20130511_20200912_02_T1,37.10447177,40.36,0.14860515021459228,0.006639098735223197
2013-05-18,2013,138,LC08_L1TP_012010_20130518_20200913_02_T1,38.75357137,20.1,0.004089193689832195,0.3614711444965647
2013-05-20,2013,140,LC08_L1TP_010010_20130520_20200912_02_T1,39.17364011,22.05,0.00019919921913906098,0.1788033238234655
2013-05-25,2013,145,LC08_L1TP_013010_20130525_20200912_02_T1,40.12797532,33.68,0.0017721300138312586,0.16480921495506853
2013-05-27,2013,147,LC08_L1TP_011010_20130527_20200912_02_T1,40.46554916,2.81,0.0009524487237734486,0.650685102275601
2013-05-29,2013,149,LC08_L1TP_082234_20130529_20200912_02_T2,8.84534621,4.14,0.0007392416551693852,0.9732583941501847
2013-06-05,2013,156,LC08_L1TP_010010_20130605_20200912_02_T1,41.67751248,33.39,0.00012152021792625749,0.3517190777921435
2013-06-12,2013,163,LC08_L1TP_011010_20130612_20200912_02_T1,42.25153298,0.04,0.0008126719799255764,0.9992698416090554
2013-06-21,2013,172,LC08_L1TP_010011_20130621_20200912_02_T1,43.75989046,27.77,0.0003681885125184094,0.0195481470285521
2014-02-14,2014,45,LC08_L1TP_012010_20140214_20200911_02_T1,6.08609144,7.88,0.6963677897870258,0.8591043627854296
2014-02-16,2014,47,LC08_L1TP_010011_20140216_20200911_02_T1,8.00400462,63.0,0.08787907535654428,0.13865844675178898
2014-02-21,2014,52,LC08_L1TP_013010_20140221_20200911_02_T1,8.55623563,46.81,1.0,0.001218117900990522
2014-02-23,2014,54,LC08_L1TP_011010_20140223_20200911_02_T1,9.28555432,39.26,0.9665351807110103,0.7223581622803738
2014-03-02,2014,61,LC08_L1TP_012010_20140302_20200911_02_T1,11.92377551,1.93,0.34300520108975213,0.9347630190802854
2014-03-04,2014,63,LC08_L1TP_010010_20140304_20200911_02_T1,12.69079928,15.2,0.3424611287206707,0.7596069254632944
2014-03-09,2014,68,LC08_L1TP_013010_20140309_20200911_02_T1,14.64623087,31.68,0.6474671486211918,0.6188074554514338
2014-03-11,2014,70,LC08_L1TP_011010_20140311_20200911_02_T1,15.43071494,8.89,0.4243749623924424,0.9470831062718825
2014-03-18,2014,77,LC08_L1TP_012010_20140318_20200911_02_T1,18.20512751,1.83,0.45063137734399517,0.9874982636477289
2014-03-20,2014,79,LC08_L1TP_010011_20140320_20200911_02_T1,20.24187086,4.8,1.0,0.29232583836116177
2014-03-25,2014,84,LC08_L1TP_013010_20140325_20200911_02_T1,20.98004925,5.05,0.8904387650432697,0.9861341140685494
2014-03-27,2014,86,LC08_L1TP_011010_20140327_20200911_02_T1,21.76425594,6.47,0.8209204114780726,0.9867823522497783
2014-04-03,2014,93,LC08_L1TP_012010_20140403_20200911_02_T1,24.48700406,0.2,0.996741000352613,1.0
2014-04-05,2014,95,LC08_L1TP_010010_20140405_20200911_02_T1,25.24806997,2.23,1.0,0.39207368544776516
2014-04-10,2014,100,LC08_L1TP_013010_20140410_20200911_02_T1,27.12956713,32.92,0.9999962780033721,0.9569455871720075
2014-04-12,2014,102,LC08_L1TP_011010_20140412_20200911_02_T1,27.86168167,10.97,0.9999205058717254,0.9857138277752252
2014-04-19,2014,109,LC08_L1TP_012010_20140419_20200911_02_T1,30.35312011,2.05,0.9994158628844976,0.9999821912587574
2014-04-21,2014,111,LC08_L1TP_010010_20140421_20200911_02_T1,31.03467008,0.01,0.9995208594268806,0.8474325137750613
2014-04-26,2014,116,LC08_L1TP_013010_20140426_20200911_02_T1,32.69114437,61.8,,0.0
2014-04-28,2014,118,LC08_L1TP_011010_20140428_20200911_02_T1,33.32389782,7.74,1.0,0.9645321109413344
2014-05-05,2014,125,LC08_L1TP_012010_20140505_20200911_02_T1,35.4191611,15.66,0.9998860228381738,0.9999893147552544
2014-05-07,2014,127,LC08_L1TP_010010_20140507_20200911_02_T1,35.97507301,1.17,0.9998790679054561,0.8541214769857637
2014-05-12,2014,132,LC08_L1TP_013010_20140512_20200911_02_T1,37.29044043,44.73,0.9995475403294761,0.9997399923778587
2014-05-14,2014,134,LC08_L1TP_011010_20140514_20200911_02_T1,37.77767313,78.58,1.0,0.3361862936803901
2014-05-21,2014,141,LC08_L1GT_012010_20140521_20200911_02_T2,39.32295724,71.84,1.0,0.06189249931436346
2014-05-23,2014,143,LC08_L1TP_010010_20140523_20200911_02_T1,39.71108158,3.37,0.9191121587114516,0.4533215083291483
2014-05-28,2014,148,LC08_L1TP_013010_20140528_20200911_02_T1,40.5825616,10.25,0.9272002484579489,0.9059983402253162
2014-05-30,2014,150,LC08_L1TP_011010_20140530_20200911_02_T1,40.88539334,5.9,0.7368542212783021,0.9592714087782848
2014-06-01,2014,152,LC08_L1TP_082234_20140601_20200911_02_T1,9.40777062,2.2,0.9934685435532484,0.5235093193142922
2014-06-06,2014,157,LC08_L1GT_012010_20140606_20200911_02_T2,41.74879159,97.37,,0.0
2014-06-08,2014,159,LC08_L1TP_010011_20140608_20200911_02_T1,43.20045037,0.4,0.021660818276840375,0.46983302932510174
2014-06-09,2014,160,LC08_L1GT_081234_20140609_20200911_02_T2,10.44057457,100.0,,0.0
2014-06-13,2014,164,LC08_L1TP_013010_20140613_20200911_02_T1,42.28548602,49.38,1.0,2.1370489491061793e-05
2014-06-15,2014,166,LC08_L1TP_084233_20140615_20200911_02_T1,9.45012984,1.72,0.009040118748196099,0.4164069810365105
2014-06-17,2014,168,LC08_L1TP_082234_20140617_20200911_02_T1,10.89266589,60.57,0.09482758620689655,0.0012394883904815839
2014-06-22,2014,173,LC08_L1TP_012010_20140622_20200911_02_T1,42.48107936,95.94,,0.0
2014-06-24,2014,175,LC08_L1TP_083234_20140624_20200911_02_T1,11.02610531,50.36,0.0,0.00023863713265019003
2014-06-25,2014,176,LC08_L1GT_081234_20140625_20200911_02_T2,11.00397642,74.29,1.0,0.0008797518173820438
2014-06-29,2014,180,LC08_L1TP_013010_20140629_20200911_02_T1,42.24762622,77.8,0.0,1.0685244745530896e-05
2015-02-17,2015,48,LC08_L1TP_012010_20150217_20200909_02_T1,7.0321235,21.5,0.6507605406495864,0.8827793033932776
2015-02-19,2015,50,LC08_L1TP_010011_20150219_20200909_02_T1,8.96600918,30.36,0.9946758138849723,0.2083581801599551
2015-02-24,2015,55,LC08_L1TP_013010_20150224_20200909_02_T1,9.56205055,3.31,0.6414643235325588,0.9653513130384919
2015-02-26,2015,57,LC08_L1TP_011010_20150226_20200909_02_T1,10.30489265,7.97,0.7095057515323154,0.9570809336054509
2015-03-05,2015,64,LC08_L1GT_012010_20150305_20200909_02_T2,12.98035485,100.0,,0.0
2015-03-07,2015,66,LC08_L1TP_010011_20150307_20200909_02_T1,14.9901895,48.72,0.948349845396605,0.2779395257471587
2015-03-12,2015,71,LC08_L1TP_013010_20150312_20200910_02_T1,15.72590806,2.22,0.9937013907787502,0.9946823098649741
2015-03-21,2015,80,LC08_L1TP_012010_20150321_20200909_02_T2,19.29528122,54.05,1.0,0.8875057433190507
2015-03-23,2015,82,LC08_L1TP_010011_20150323_20200909_02_T1,21.3307625,9.63,0.7232421332678983,0.6790243089659043
2015-03-28,2015,87,LC08_L1TP_013010_20150328_20200909_02_T1,22.06099761,3.77,0.8736086623568592,0.999978629510509
2015-03-30,2015,89,LC08_L1TP_011010_20150330_20200909_02_T1,22.83976617,0.01,0.8510119179067795,0.9999750677622604
2015-04-06,2015,96,LC08_L1TP_012010_20150406_20200909_02_T1,25.53455261,31.54,0.961215786092744,0.7374350426163178
2015-04-08,2015,98,LC08_L1GT_010010_20150408_20200909_02_T2,26.28534087,2.14,1.0,0.7346818112202194
2015-04-13,2015,103,LC08_L1TP_013010_20150413_20200909_02_T1,28.13707354,24.21,1.0,0.1621984534889105
2015-04-15,2015,105,LC08_L1TP_011010_20150415_20200909_02_T2,28.85597703,60.53,1.0,0.9208900096523378
2015-04-22,2015,112,LC08_L1TP_012010_20150422_20200909_02_T1,31.29216991,59.86,,0.0
2015-04-24,2015,114,LC08_L1TP_010011_20150424_20201015_02_T1,33.22454574,0.03,0.989275934609644,0.7461852813245404
2015-04-29,2015,119,LC08_L1TP_013010_20150429_20200909_02_T1,33.56127013,100.0,,0.0
2015-05-01,2015,121,LC08_L1TP_011010_20150501_20201015_02_T1,34.17187251,1.2,0.9998504060407466,0.9999964382517514
2015-05-08,2015,128,LC08_L1GT_012010_20150508_20201016_02_T2,36.18173358,92.67,,0.0
2015-05-10,2015,130,LC08_L1TP_010010_20150510_20201015_02_T1,36.71191969,6.68,0.9999956892092285,0.8262401116964251
2015-05-15,2015,135,LC08_L1TP_013010_20150515_20200909_02_T1,37.95938517,72.69,0.999990205153069,0.7272698131150694
2015-05-17,2015,137,LC08_L1GT_011010_20150517_20201016_02_T2,38.41772053,99.98,,0.0
2015-05-24,2015,144,LC08_L1TP_012010_20150524_20200909_02_T1,39.85251869,1.99,0.9994514165209121,0.9998646535665566
2015-05-26,2015,146,LC08_L1TP_010010_20150526_20201016_02_T1,40.20783199,0.15,0.999784276126558,0.44578841078354897
2015-05-31,2015,151,LC08_L1TP_013010_20150531_20200909_02_T1,40.99392279,27.3,0.9966640945533933,0.7569997257453849
2015-06-02,2015,153,LC08_L1TP_011010_20150602_20201015_02_T1,41.26178108,0.11,0.9461331734017597,0.9383283290770442
2015-06-09,2015,160,LC08_L1TP_012010_20150609_20200909_02_T1,41.99736454,68.37,0.9898090921576707,0.5186617799480697
2015-06-11,2015,162,LC08_L1TP_010010_20150611_20200909_02_T1,42.14684284,0.01,0.887345859104524,0.45780931112227125
2015-06-16,2015,167,LC08_L1TP_013010_20150616_20201015_02_T1,42.40242342,72.55,0.9890315052508751,0.01526209124486663
2015-06-18,2015,169,LC08_L1TP_011010_20150618_20200909_02_T1,42.45606028,1.19,1.0,0.017441881172954934
2015-06-25,2015,176,LC08_L1TP_012010_20150625_20200909_02_T1,42.42711731,49.83,,0.0
2015-06-27,2015,178,LC08_L1TP_010011_20150627_20200909_02_T1,43.60634575,15.68,0.008757062146892656,0.07760979374210748
2016-02-20,2016,51,LC08_L1TP_012010_20160220_20200907_02_T1,8.01404341,24.36,0.9931273184316991,0.9323267832783043
2016-02-27,2016,58,LC08_L1TP_013010_20160227_20200907_02_T1,10.59459835,48.27,0.9998688696564385,0.353104597860814
2016-02-29,2016,60,LC08_L1TP_011010_20160229_20200907_02_T1,11.34917309,1.28,0.883529454230436,0.9867467347672931
2016-03-07,2016,67,LC08_L1TP_012010_20160307_20200907_02_T1,14.05793268,9.77,0.8006267895866627,0.9739849907928808
2016-03-09,2016,69,LC08_L1TP_010011_20160309_20200907_02_T1,16.07722755,40.78,0.8912339380596541,0.414260909218465
2016-03-14,2016,74,LC08_L1TP_013010_20160314_20200907_02_T2,16.82131009,69.35,,0.0
2016-03-16,2016,76,LC08_L1TP_011010_20160316_20200907_02_T1,17.61206554,99.99,,0.0
2016-03-23,2016,83,LC08_L1TP_012010_20160323_20200907_02_T1,20.39015028,16.79,0.9949859006791248,0.39282165257995233
2016-03-25,2016,85,LC08_L1TP_010011_20160325_20200907_02_T1,22.42515527,0.11,0.7935476971338942,0.6150028062298302
2016-03-30,2016,90,LC08_L1TP_013010_20160330_20200907_02_T1,23.13955171,11.05,0.5968933189427126,0.8415164499342858
2016-04-01,2016,92,LC08_L1TP_011010_20160401_20200907_02_T1,23.91135075,52.81,1.0,0.9612161233219714
2016-04-08,2016,99,LC08_L1TP_012010_20160408_20200907_02_T2,26.57471336,97.98,,0.0
2016-04-10,2016,101,LC08_L1TP_010010_20160410_20200907_02_T1,27.31405623,76.7,1.0,0.21739486609607458
2016-04-15,2016,106,LC08_L1GT_013010_20160415_20200907_02_T2,29.132074,100.0,,0.0
2016-04-17,2016,108,LC08_L1TP_011010_20160417_20200907_02_T1,29.8348546,0.76,0.18743079531386708,0.9810871168004103
2016-04-24,2016,115,LC08_L1GT_012010_20160424_20200907_02_T2,32.20780138,96.06,,0.0
2016-04-26,2016,117,LC08_L1TP_010011_20160426_20200907_02_T1,34.12326441,100.0,0.003659894238797662,0.6301739862494738
2016-05-01,2016,122,LC08_L1GT_013010_20160501_20200907_02_T2,34.40270982,95.18,,0.0
2016-05-03,2016,124,LC08_L1TP_011010_20160503_20200907_02_T1,34.991414,15.69,0.0,1.4246992994041195e-05
2016-05-10,2016,131,LC08_L1TP_012010_20160510_20200907_02_T1,36.91365903,74.48,0.00027400075350207214,0.10399236361175519
2016-05-12,2016,133,LC08_L1GT_010010_20160512_20200907_02_T2,37.41640716,99.99,,0.0
2016-05-17,2016,138,LC08_L1TP_013010_20160517_20200907_02_T1,38.58967221,17.8,0.01131160882986695,0.993432136229747
2016-05-19,2016,140,LC08_L1TP_084233_20160519_20200906_02_T1,5.86615281,54.37,,0.0
2016-05-21,2016,142,LC08_L1TP_082234_20160521_20200906_02_T1,7.6166036,56.55,0.0,8.904370621275747e-05
2016-05-26,2016,147,LC08_L1TP_012010_20160526_20200906_02_T1,40.3390158,67.93,0.014215232144780782,0.8265927247730276
2016-05-28,2016,149,LC08_L1TP_010010_20160528_20200906_02_T1,40.66023332,7.21,0.009488827670645853,0.09308985222306516
2016-05-29,2016,150,LC08_L1TP_081234_20160529_20200906_02_T2,9.1859458,42.27,0.021521475592734086,0.7374564131058089
2016-06-02,2016,154,LC08_L1TP_013010_20160602_20200906_02_T1,41.35887893,22.96,0.0069775077983910685,0.9979519947571066
2016-06-04,2016,156,LC08_L1GT_084233_20160604_20200906_02_T2,8.51792237,59.59,,0.0
2016-06-06,2016,158,LC08_L1TP_082234_20160606_20200906_02_T1,10.09481878,3.95,0.008807328188053335,0.6963894558004851
2016-06-11,2016,163,LC08_L1TP_012010_20160611_20200906_02_T1,42.19847689,45.79,,0.0
2016-06-13,2016,165,LC08_L1TP_010011_20160613_20200906_02_T1,43.57197948,45.0,,0.0
2016-06-14,2016,166,LC08_L1GT_081234_20160614_20200906_02_T2,10.81997129,70.92,0.9826455026455027,0.016829260474211162
2016-06-18,2016,170,LC08_L1TP_013010_20160618_20200906_02_T1,42.47144507,28.75,0.0038082275090137703,0.983911583161479
2016-06-20,2016,172,LC08_L1TP_011010_20160620_20200906_02_T1,42.48737612,0.09,0.0029230385342031155,0.9991772361545941
2016-06-22,2016,174,LC08_L1TP_082234_20160622_20200906_02_T1,11.02081982,18.41,0.0023204502287551597,0.8119824334576383
2016-06-27,2016,179,LC08_L1TP_012010_20160627_20200906_02_T1,42.32572484,71.12,,0.0
2017-02-15,2017,46,LC08_L1TP_011010_20170215_20200905_02_T1,6.51466558,40.11,1.0,0.9628687745092801
2017-02-22,2017,53,LC08_L1TP_012010_20170222_20200905_02_T1,9.01320013,8.93,1.0,0.7524157557495521
2017-02-24,2017,55,LC08_L1TP_010011_20170224_20200905_02_T1,10.97958213,5.64,0.9044023527977569,0.5754875824330012
2017-03-01,2017,60,LC08_L1TP_013010_20170301_20200905_02_T1,11.64057422,8.12,0.9632531815542867,0.999992876503503
2017-03-03,2017,62,LC08_L1TP_011010_20170303_20200905_02_T1,12.40551801,39.47,0.9696367379797246,0.9999038327972902
2017-03-10,2017,69,LC08_L1TP_012010_20170310_20200904_02_T1,15.13977467,0.23,0.9798405049134317,1.0
2017-03-12,2017,71,LC08_L1TP_010010_20170312_20200904_02_T1,15.92571565,20.3,1.0,0.4019504133408842
2017-03-17,2017,76,LC08_L1TP_013010_20170317_20200904_02_T1,17.91299994,0.07,0.9874626461652437,1.0
2017-03-19,2017,78,LC08_L1GT_011010_20170319_20200904_02_T2,18.70380042,100.0,,0.0
2017-03-26,2017,85,LC08_L1TP_012010_20170326_20200904_02_T1,21.47569107,0.01,0.9936244479270552,0.9999964382517514
2017-03-28,2017,87,LC08_L1TP_010011_20170328_20200904_02_T1,23.50861361,4.35,0.9689299172118173,0.6260260277816753
2017-04-02,2017,92,LC08_L1TP_013010_20170402_20200904_02_T1,24.20540128,0.02,0.9962708363014674,0.9999964382517514
2017-04-04,2017,94,LC08_L1TP_011010_20170404_20200904_02_T1,24.96901215,100.0,0.9972182746179135,1.0
2017-04-11,2017,101,LC08_L1TP_012010_20170411_20200904_02_T1,27.59388796,0.02,0.9985895225747624,0.9999821912587574
2017-04-13,2017,103,LC08_L1TP_010010_20170413_20200904_02_T1,28.31950173,0.53,0.9987024285229803,0.7246626133971599
2017-04-18,2017,108,LC08_L1GT_013010_20170418_20200904_02_T2,30.09943906,99.9,,0.0
2017-04-20,2017,110,LC08_L1TP_011010_20170420_20200904_02_T1,30.7861985,0.02,0.999985753007006,1.0
2017-04-29,2017,119,LC08_L1TP_010011_20170429_20200904_02_T1,34.99205858,0.35,1.0,0.40813543566718113
2017-05-04,2017,124,LC08_L1TP_013010_20170504_20200904_02_T1,35.21287006,13.07,1.0,0.8696863168317537
2017-05-06,2017,126,LC08_L1TP_011010_20170506_20201015_02_T1,35.77551718,85.66,1.0,0.2872549962423556
2017-05-11,2017,131,LC08_L1TP_014010_20170511_20201015_02_T1,37.10863031,64.63,,0.0
2017-05-13,2017,133,LC08_L1TP_012010_20170513_20200904_02_T1,37.60333357,8.2,0.9979963927927284,0.9972717008416411
2017-05-15,2017,135,LC08_L1TP_010010_20170515_20201015_02_T1,38.07743811,0.01,0.9969304433329058,0.416564266404522
2017-05-20,2017,140,LC08_L1TP_013010_20170520_20200904_02_T1,39.17498619,51.29,0.5224053693924888,0.8660604571147702
2017-05-22,2017,142,LC08_L1TP_011010_20170522_20201015_02_T1,39.57181255,53.11,,0.0
2017-05-29,2017,149,LC08_L1GT_012010_20170529_20201016_02_T2,40.77758048,87.31,,0.0
2017-05-31,2017,151,LC08_L1TP_010010_20170531_20201016_02_T1,41.06458342,0.01,0.43264650127750764,0.43214691499175456
2017-06-05,2017,156,LC08_L1TP_013010_20170605_20200903_02_T1,41.6739214,47.19,0.60062893081761,0.001132635943026275
2017-06-07,2017,158,LC08_L1TP_011010_20170607_20200903_02_T1,41.86973468,3.68,0.5065219398319727,0.8101659418508981
2017-06-14,2017,165,LC08_L1TP_012010_20170614_20201015_02_T1,42.34603764,15.48,0.0007784697508896797,0.12810896100241842
2017-06-16,2017,167,LC08_L1TP_010010_20170616_20201015_02_T1,42.42032083,0.65,0.0,0.0083344909015141
2017-06-21,2017,172,LC08_L1TP_013010_20170621_20201015_02_T1,42.48561349,63.15,0.0,2.4932237739572093e-05
2017-06-23,2017,174,LC08_L1TP_011010_20170623_20200903_02_T1,42.46368987,29.45,0.003996473699676756,0.060603146448402735
2018-02-16,2018,47,LC08_L1TP_013010_20180216_20200902_02_T1,6.77945513,100.0,,0.0
2018-02-18,2018,49,LC08_L1TP_011010_20180218_20200902_02_T1,7.47940835,40.88,1.0,0.300016740216768
2018-02-25,2018,56,LC08_L1TP_012010_20180225_20200902_02_T1,10.03356349,36.25,0.9998818106606784,0.8739426059887235
2018-02-27,2018,58,LC08_L1TP_010011_20180227_20200902_02_T1,12.0131839,0.61,0.9327886530181744,0.5570673144380525
2018-03-04,2018,63,LC08_L1TP_013010_20180304_20200902_02_T1,12.69962077,39.14,1.0,0.5759453770288608
2018-03-06,2018,65,LC08_L1TP_011010_20180306_20200901_02_T1,13.47256068,3.97,0.9745871435393398,0.9994479290214809
2018-03-13,2018,72,LC08_L1TP_012010_20180313_20200901_02_T1,16.22727947,9.59,1.0,0.8749149632605668
2018-03-15,2018,74,LC08_L1TP_010011_20180315_20200901_02_T1,18.25678209,45.99,,0.0
2018-03-20,2018,79,LC08_L1TP_013010_20180320_20200901_02_T2,19.00737557,74.86,,0.0
2018-03-22,2018,81,LC08_L1TP_011010_20180322_20200901_02_T1,19.79764793,0.03,1.0,0.9732299001641966
2018-03-29,2018,88,LC08_L1TP_012010_20180329_20200901_02_T1,22.55655546,36.44,1.0,0.866512799142331
2018-03-31,2018,90,LC08_L1TP_010011_20180331_20200901_02_T1,24.58504185,8.25,0.9741759076408932,0.6350235021748282
2018-04-05,2018,95,LC08_L1TP_013010_20180405_20200901_02_T1,25.25886483,16.39,0.9975472283323649,0.9990668219588903
2018-04-07,2018,97,LC08_L1TP_011010_20180407_20200901_02_T1,26.01276895,43.32,0.998062395150289,0.999992876503503
2018-04-14,2018,104,LC08_L1TP_012010_20180414_20200901_02_T1,28.59541632,33.27,0.9999494446129624,0.986333571970466
2018-04-16,2018,106,LC08_L1TP_010011_20180416_20201015_02_T1,30.57225204,0.1,0.9841721758432659,0.6360539146906131
2018-04-21,2018,111,LC08_L1TP_013010_20180421_20201016_02_T1,31.0472419,35.93,0.9994550466950185,0.9999893147552544
2018-04-23,2018,113,LC08_L1TP_011010_20180423_20201015_02_T1,31.71592572,100.0,0.9996936852865645,0.999985753007006
2018-04-30,2018,120,LC08_L1TP_012010_20180430_20200901_02_T1,33.95144875,0.36,0.9997934163941901,0.9999893147552544
2018-05-02,2018,122,LC08_L1TP_010010_20180502_20201015_02_T2,34.55082179,23.47,1.0,0.25155559354753687
2018-05-07,2018,127,LC08_L1TP_013010_20180507_20200901_02_T1,35.98412407,12.28,0.9998788992655596,0.9999893147552544
2018-05-09,2018,129,LC08_L1TP_011010_20180509_20200901_02_T1,36.52125315,100.0,0.9999145171286303,0.9999893147552544
2018-05-10,2018,130,LC08_L1TP_082234_20180510_20201015_02_T1,5.26437835,0.78,0.993549559047714,0.9999821912587574
2018-05-16,2018,136,LC08_L1TP_012010_20180516_20200901_02_T1,38.25174334,0.23,0.9968976178264091,0.9999679442657634
2018-05-18,2018,138,LC08_L1TP_010010_20180518_20200901_02_T1,38.69630808,12.03,0.5967779237358694,0.7700357243349325
2018-05-19,2018,139,LC08_L1TP_081234_20180519_20200901_02_T1,7.31893656,35.57,,0.0
2018-05-23,2018,143,LC08_L1TP_013010_20180523_20200901_02_T1,39.7153394,16.26,0.9634084171969111,0.9432043624292548
2018-05-25,2018,145,LC08_L1TP_011010_20180525_20201015_02_T1,40.07926196,32.21,0.980975178109543,0.9418829538290574
2018-05-26,2018,146,LC08_L1GT_082234_20180526_20200901_02_T2,8.64455542,55.81,,0.0
2018-06-01,2018,152,LC08_L1TP_012010_20180601_20200831_02_T1,41.16616789,96.26,,0.0
2018-06-03,2018,154,LC08_L1TP_010011_20180603_20200831_02_T1,42.68370522,63.43,0.0037776924061979768,0.06848077732566298
2018-06-04,2018,155,LC08_L1GT_081234_20180604_20200831_02_T2,9.98017146,100.0,,0.0
2018-06-08,2018,159,LC08_L1GT_013010_20180608_20200831_02_T2,41.93522536,99.14,,0.0
2018-06-10,2018,161,LC08_L1TP_011010_20180610_20200831_02_T1,42.09420649,1.6,0.0024432669761471505,0.9767132899512396
2018-06-11,2018,162,LC08_L1TP_082234_20180611_20200831_02_T1,10.65452955,0.05,0.019959266802443993,0.017488183900185566
2018-06-15,2018,166,LC08_L1TP_014010_20180615_20200831_02_T1,42.37482092,67.62,,0.0
2018-06-17,2018,168,LC08_L1TP_012010_20180617_20200831_02_T1,42.43859345,58.85,0.01639344262295082,0.0010863332157956412
2018-06-19,2018,170,LC08_L1TP_010011_20180619_20200831_02_T1,43.72878083,40.26,,0.0
2018-06-20,2018,171,LC08_L1TP_081234_20180620_20200831_02_T2,11.05907302,40.77,0.08413461538461539,0.0029633745427605687
2018-06-24,2018,175,LC08_L1TP_013010_20180624_20200831_02_T1,42.44498224,76.41,,0.0
2018-06-26,2018,177,LC08_L1TP_011010_20180626_20200831_02_T1,42.38475591,36.62,,0.0
2018-06-27,2018,178,LC08_L1TP_082234_20180627_20200831_02_T1,11.00287076,0.1,0.008016826408033252,0.99741773251983
2019-02-14,2019,45,LC08_L1TP_010011_20190214_20200829_02_T1,7.23303975,42.48,,0.0
2019-02-19,2019,50,LC08_L1TP_013010_20190219_20200829_02_T1,7.75310287,63.28,,0.0
2019-02-21,2019,52,LC08_L1TP_011010_20190221_20200829_02_T1,8.46977189,62.77,1.0,0.07231061294125608
2019-02-28,2019,59,LC08_L1TP_012010_20190228_20200829_02_T1,11.07297858,0.23,0.9587302379823038,0.9987106471340392
2019-03-02,2019,61,LC08_L1TP_010010_20190302_20200829_02_T1,11.83255734,46.75,,0.0
2019-03-07,2019,66,LC08_L1TP_013010_20190307_20200829_02_T1,13.7739939,99.98,,0.0
2019-03-09,2019,68,LC08_L1TP_011010_20190309_20200829_02_T1,14.55436246,0.64,0.9785688844564753,0.9999964382517514
2019-03-16,2019,75,LC08_L1TP_012010_20190316_20200829_02_T1,17.32422825,2.96,0.9956760376263085,1.0
2019-03-18,2019,77,LC08_L1TP_010011_20190318_20200829_02_T1,19.35724857,12.86,0.9965430599821251,0.5200382348814367
2019-03-23,2019,82,LC08_L1TP_013010_20190323_20200829_02_T1,20.10302103,44.06,1.0,0.2213021039246904
2019-03-25,2019,84,LC08_L1GT_011010_20190325_20200829_02_T2,20.89044366,95.67,,0.0
2019-04-01,2019,91,LC08_L1TP_012010_20190401_20200829_02_T1,23.63157158,24.21,1.0,0.26776867157475576
2019-04-03,2019,93,LC08_L1GT_010010_20190403_20200829_02_T2,24.40033203,63.14,,0.0
2019-04-08,2019,98,LC08_L1TP_013010_20190408_20200829_02_T1,26.30457721,39.56,,0.0
2019-04-10,2019,100,LC08_L1TP_011010_20190410_20200829_02_T1,27.04718442,0.15,1.0,0.28312693002233214
2019-04-17,2019,107,LC08_L1TP_012010_20190417_20200829_02_T1,29.58170822,22.24,1.0,0.5942207072919672
2019-04-19,2019,109,LC08_L1TP_010011_20190419_20200828_02_T1,31.54458856,0.27,0.9851952320466174,0.6109995439876525
2019-04-24,2019,114,LC08_L1GT_013010_20190424_20200829_02_T2,31.9713037,100.0,,0.0
2019-04-26,2019,116,LC08_L1TP_011010_20190426_20200828_02_T1,32.62198022,26.12,0.9999905790581884,0.7561342209209969
2019-05-01,2019,121,LC08_L1TP_014010_20190501_20200829_02_T1,34.18843397,1.13,0.9338389020093694,0.6967534832279035
2019-05-03,2019,123,LC08_L1TP_012010_20190503_20200829_02_T1,34.78227512,0.59,0.36980494361512106,0.9990098339869141
2019-05-05,2019,125,LC08_L1TP_010010_20190505_20200829_02_T1,35.35846785,23.32,0.5604242450804225,0.40634204893129744
2019-05-10,2019,130,LC08_L1TP_013010_20190510_20200829_02_T1,36.72859562,18.12,0.9499818300748601,0.980121883025064
2019-05-12,2019,132,LC08_L1TP_011010_20190512_20200829_02_T1,37.23838941,0.03,0.9397356313444826,0.9754203753370304
2019-05-14,2019,134,LC08_L1TP_082234_20190514_20200828_02_T1,5.94045208,0.01,0.7259295958471829,0.963335363529835
2019-05-19,2019,139,LC08_L1TP_012010_20190519_20200828_02_T1,38.86680466,27.43,0.5346259556386431,0.8306744882658204
2019-05-21,2019,141,LC08_L1TP_010010_20190521_20200828_02_T1,39.27981455,5.78,0.9591836734693877,0.00017452566417700465
2019-05-22,2019,142,LC08_L1TP_081234_20190522_20200828_02_T1,7.86424814,0.01,0.10897435897435898,0.03778302542019725
2019-05-26,2019,146,LC08_L1TP_013010_20190526_20200829_02_T1,40.21785509,48.78,0.000497897764992255,0.12876432268014432
2019-05-28,2019,148,LC08_L1TP_011010_20190528_20200828_02_T1,40.54843763,0.24,0.0014865356233824567,0.999134495175612
2019-05-30,2019,150,LC08_L1TP_082234_20190530_20200828_02_T1,9.07847516,0.05,0.001490477701669121,0.9988816110499678
2019-06-04,2019,155,LC08_L1TP_012010_20190604_20200829_02_T1,41.51201391,78.44,0.0,0.00035261307660251957
2019-06-06,2019,157,LC08_L1TP_083234_20190606_20200828_02_T1,10.01603665,1.23,0.0009733765469734407,0.998952846014938
2019-06-07,2019,158,LC08_L1GT_081234_20190607_20200828_02_T2,10.22902248,90.45,,0.0
2019-06-11,2019,162,LC08_L1TP_013010_20190611_20200828_02_T1,42.15322167,0.41,0.00036013292827293084,0.9988994197912103
2019-06-13,2019,164,LC08_L1TP_084233_20190613_20200828_02_T1,9.30988029,0.68,0.00867584531281636,0.4239958106913218
2019-06-15,2019,166,LC08_L1GT_082234_20190615_20200828_02_T2,10.7825579,49.11,1.0,0.00022439013965614883
2019-06-20,2019,171,LC08_L1TP_012010_20190620_20200827_02_T1,42.48605861,88.0,,0.0
2019-06-22,2019,173,LC08_L1GT_010011_20190622_20200827_02_T2,43.73851183,97.73,,0.0
2019-06-23,2019,174,LC08_L1TP_081234_20190623_20200827_02_T2,11.02278663,48.92,0.007584607854695633,0.9969653904922692
2019-06-27,2019,178,LC08_L1TP_013010_20190627_20200829_02_T1,42.35881912,56.06,0.0,0.0006767321672169567
2019-06-29,2019,180,LC08_L1TP_011010_20190629_20201015_02_T1,42.26143502,19.39,0.0009967677070309574,0.618180587759696
2020-02-15,2020,46,LC08_L1TP_012010_20200215_20200823_02_T1,6.26565363,37.05,1.0,0.860789069706975
2020-02-17,2020,48,LC08_L1TP_010011_20200217_20200823_02_T1,8.18583309,7.92,,0.0
2020-02-22,2020,53,LC08_L1TP_013010_20200222_20200822_02_T1,8.74964609,34.9,1.0,0.30279490385060603
2020-02-24,2020,55,LC08_L1TP_011010_20200224_20200822_02_T1,9.48182563,19.58,0.9407823736202677,1.0
2020-03-02,2020,62,LC08_L1TP_012010_20200302_20200822_02_T1,12.12892084,1.68,0.9680404329661171,1.0
2020-03-04,2020,64,LC08_L1TP_010011_20200304_20200822_02_T1,14.1321115,1.26,0.9673449855297039,0.5772458608110004
2020-03-09,2020,69,LC08_L1TP_013010_20200309_20200822_02_T1,14.85667936,15.12,1.0,0.9821235855407268
2020-03-11,2020,71,LC08_L1TP_011010_20200311_20200822_02_T1,15.64183741,20.46,1.0,1.0
2020-03-18,2020,78,LC08_L1TP_012010_20200318_20200822_02_T1,18.41884487,0.71,1.0,1.0
2020-03-20,2020,80,LC08_L1TP_010010_20200320_20200822_02_T1,19.20965014,12.03,1.0,0.5643412012352143
2020-03-25,2020,85,LC08_L1GT_013010_20200325_20200822_02_T2,21.1938052,100.0,,0.0
2020-03-27,2020,87,LC08_L1TP_011010_20200327_20200822_02_T2,21.97727965,100.0,,0.0
2020-04-03,2020,94,LC08_L1TP_012010_20200403_20200822_02_T1,24.69576679,1.07,0.9968692232895594,1.0
2020-04-05,2020,96,LC08_L1TP_010011_20200405_20200822_02_T1,26.71330126,0.01,0.9755101753991455,0.6239652027501053
2020-04-10,2020,101,LC08_L1TP_013010_20200410_20200822_02_T1,27.33030169,0.03,0.998372269455298,0.999992876503503
2020-04-12,2020,103,LC08_L1GT_011010_20200412_20200822_02_T2,28.05998912,100.0,,0.0
2020-04-19,2020,110,LC08_L1TP_012010_20200419_20200822_02_T1,30.54175683,70.88,1.0,0.9074337247694658
2020-04-21,2020,112,LC08_L1TP_010011_20200421_20200822_02_T1,32.4895011,0.77,0.9427891384512236,0.6539830924652729
2020-04-26,2020,117,LC08_L1TP_013010_20200426_20200822_02_T1,32.86762881,56.29,0.26878162779525594,0.9860806878448217
2020-04-28,2020,119,LC08_L1TP_011010_20200428_20200820_02_T1,33.49589489,97.84,,0.0
2020-05-05,2020,126,LC08_L1TP_012010_20200505_20200820_02_T1,35.57474821,1.23,0.9948080918222992,0.9995298492311966
2020-05-07,2020,128,LC08_L1TP_010010_20200507_20200820_02_T1,36.12535907,1.63,0.999427993538615,0.7783452829987071
2020-05-12,2020,133,LC08_L1TP_013010_20200512_20200820_02_T1,37.42850553,0.46,0.5654148577891192,0.9951845163680141
2020-05-14,2020,135,LC08_L1TP_011010_20200514_20200820_02_T1,37.91034429,22.25,0.35450384010995856,0.8862377609425811
2020-05-16,2020,137,LC08_L1TP_082234_20200516_20200820_02_T2,6.58079939,0.06,0.49044585987261147,0.031874085075918664
2020-05-19,2020,140,LC08_L1TP_014010_20200519_20200820_02_T1,39.02813932,69.94,,0.0
2020-05-21,2020,142,LC08_L1TP_012010_20200521_20200820_02_T1,39.43295344,0.18,0.3904803458225936,0.9714347790469474
2020-05-23,2020,144,LC08_L1TP_010011_20200523_20200820_02_T1,41.08890399,4.21,0.3387433561123766,0.23098779290023852
2020-05-24,2020,145,LC08_L1GT_081234_20200524_20200820_02_T2,8.38527245,4.94,1.0,0.00011041419570381926
2020-05-28,2020,149,LC08_L1TP_013010_20200528_20200820_02_T1,40.66987874,90.04,,0.0
2020-05-30,2020,151,LC08_L1TP_011010_20200530_20200820_02_T1,40.96596755,3.17,0.0005258534291830094,0.5757281103857017
2020-06-01,2020,153,LC08_L1TP_082234_20200601_20200825_02_T2,9.49328837,54.35,0.0015945330296127562,0.015636074810960212
2020-06-04,2020,156,LC08_L1TP_014010_20200604_20200825_02_T1,41.59828944,1.72,5.6395217685540266e-05,0.8370806975897277
2020-06-06,2020,158,LC08_L1GT_012010_20200606_20200824_02_T2,41.80352354,100.0,,0.0
2020-06-08,2020,160,LC08_L1GT_083234_20200608_20200824_02_T2,10.31425802,63.82,1.0,0.0028529603470567495
2020-06-09,2020,161,LC08_L1GT_081234_20200609_20200824_02_T2,10.49273148,95.27,,0.0
2020-06-13,2020,165,LC08_L1TP_013010_20200613_20200823_02_T1,42.31401373,6.5,0.004100902270193539,0.9935959766491785
2020-06-15,2020,167,LC08_L1GT_011010_20200615_20200823_02_T2,42.39809624,63.4,,0.0
2020-06-17,2020,169,LC08_L1TP_082234_20200617_20200823_02_T1,10.92259124,41.49,5.6292360000900674e-05,0.31636160292918175
2020-06-22,2020,174,LC08_L1TP_012010_20200622_20200823_02_T1,42.47646788,38.83,0.0008316929339535505,0.8522230651693077
2020-06-24,2020,176,LC08_L1TP_083234_20200624_20200823_02_T1,11.0291675,40.94,8.877446846287007e-05,0.08024262629068853
2020-06-25,2020,177,LC08_L1TP_081234_20200625_20200823_02_T1,10.99959451,26.61,1.0,0.006393338106075987
2021-02-17,2021,48,LC08_L1TP_012010_20210217_20210301_02_T1,7.22538061,5.77,1.0,0.012572971317241355
2021-02-19,2021,50,LC08_L1GT_010010_20210219_20220825_02_T2,7.9339602,5.14,1.0,0.6046245739258658
2021-02-24,2021,55,LC08_L1TP_013010_20210224_20210303_02_T1,9.76617904,29.77,0.4088643740813327,0.9304996064268185
2021-02-26,2021,57,LC08_L1TP_011010_20210226_20210303_02_T1,10.51148104,29.64,0.690014780752176,0.34699976136286736
2021-03-05,2021,64,LC08_L1TP_012010_20210305_20210311_02_T1,13.19363949,11.54,0.22580645161290322,0.0002208283914076385
2021-03-07,2021,66,LC08_L1TP_010011_20210307_20210317_02_T1,15.20682728,26.62,,0.0
2021-03-12,2021,71,LC08_L1TP_013010_20210312_20210317_02_T1,15.9442858,14.72,0.26176725121212013,0.9836444520428407
2021-03-14,2021,73,LC08_L1TP_011010_20210314_20210328_02_T1,16.73343613,3.84,0.17509471137478178,0.9834058149101905
2021-03-21,2021,80,LC08_L1TP_012010_20210321_20210401_02_T1,19.51444039,39.47,1.0,0.02048717592543124
2021-03-23,2021,82,LC08_L1TP_010011_20210323_20210402_02_T1,21.55120102,61.65,,0.0
2021-03-28,2021,87,LC08_L1TP_013010_20210328_20210402_02_T1,22.27703653,1.07,0.9943083262988806,1.0
2021-03-30,2021,89,LC08_L1GT_011010_20210330_20210409_02_T2,23.05422404,100.0,,0.0
2021-04-06,2021,96,LC08_L1GT_012010_20210406_20210415_02_T2,25.74378626,100.0,,0.0
2021-04-08,2021,98,LC08_L1TP_010010_20210408_20210416_02_T1,26.49243519,29.14,1.0,0.02217544459522512
2021-04-13,2021,103,LC08_L1GT_013010_20210413_20210423_02_T2,28.33875513,92.49,,0.0
2021-04-15,2021,105,LC08_L1TP_011010_20210415_20210424_02_T1,29.05448768,12.51,0.9949803921568627,0.34059217626379734
2021-04-22,2021,112,LC08_L1TP_012010_20210422_20210430_02_T1,31.47872475,46.6,0.9767801857585139,0.002300889368537653
2021-04-24,2021,114,LC08_L1TP_010011_20210424_20210501_02_T1,33.40896947,11.39,1.0,0.4722621720218886
2021-04-29,2021,119,LC08_L1TP_013010_20210429_20210508_02_T1,33.73255178,3.91,0.023700979774828098,0.9898846349742307
2021-05-01,2021,121,LC08_L1TP_011010_20210501_20210508_02_T1,34.3387279,100.0,0.02450475945459223,0.9968051118210862
2021-05-08,2021,128,LC08_L1TP_012010_20210508_20210518_02_T1,36.33362604,8.78,0.0017522685619775602,0.3983993503371195
2021-05-10,2021,130,LC08_L1GT_083234_20210510_20210517_02_T2,5.09677665,58.71,,0.0
2021-05-11,2021,131,LC08_L1GT_081234_20210511_20210524_02_T2,5.58659742,36.38,0.9996745262548821,0.09848946256780679
2021-05-15,2021,135,LC08_L1TP_013010_20210515_20210525_02_T1,38.09125964,13.14,0.0024090537593730037,0.9979769269948462
2021-05-17,2021,137,LC08_L1TP_011010_20210517_20210525_02_T1,38.54368803,12.08,0.002703687470626442,0.6744918275686438
2021-05-19,2021,139,LC08_L1TP_082234_20210519_20210529_02_T1,7.1694782,21.41,0.013204099879491532,0.2748707975822853
2021-05-24,2021,144,LC08_L1TP_012010_20210524_20210529_02_T1,39.95646906,74.58,,0.0
2021-05-26,2021,146,LC08_L1TP_083234_20210526_20210529_02_T1,8.51199539,29.05,0.0405849732541591,0.9435106727786267
2021-05-27,2021,147,LC08_L1TP_081234_20210527_20210607_02_T1,8.84547349,56.29,,0.0
2021-05-31,2021,151,LC08_L1GT_013010_20210531_20210608_02_T2,41.0734153,99.99,,0.0
2021-06-02,2021,153,LC08_L1TP_011010_20210602_20210608_02_T1,41.33431933,0.03,0.012893793320393069,0.9963883872760105
2021-06-04,2021,155,LC08_L1TP_082234_20210604_20210614_02_T1,9.84318762,11.88,0.2788006312467123,0.060937950783762705
2021-06-09,2021,160,LC08_L1TP_012010_20210609_20210615_02_T1,42.04560998,1.4,0.006996074068527295,0.9988673640569737
2021-06-11,2021,162,LC08_L1TP_083234_20210611_20210621_02_T1,10.54880229,16.07,0.007758024165646458,0.2676582573790519
2021-06-12,2021,163,LC08_L1TP_081234_20210612_20210621_02_T1,10.69316567,37.3,0.0054221782508978075,0.5544110471183675
2021-06-16,2021,167,LC08_L1TP_013010_20210616_20210622_02_T1,42.42492818,60.74,0.0048541487093408334,0.3925580832095626
2021-06-18,2021,169,LC08_L1TP_011010_20210618_20210628_02_T1,42.47082739,0.17,0.004035175897309764,0.9991879213993397
2021-06-20,2021,171,LC08_L1TP_082234_20210620_20210628_02_T1,10.99745197,10.11,0.004432494499498982,0.9988174995814946
2021-06-25,2021,176,LC08_L1GT_012010_20210625_20210707_02_T2,42.41550774,99.68,,0.0
2021-06-27,2021,178,LC08_L1TP_010010_20210627_20210707_02_T1,42.33863379,27.8,,0.0
2021-06-28,2021,179,LC08_L1GT_081234_20210628_20210707_02_T2,10.9070195,83.79,,0.0
2022-02-14,2022,45,LC09_L1TP_010011_20220214_20230427_02_T1,7.32558419,78.41,1.0,0.013268205416023573
2022-02-19,2022,50,LC09_L1TP_013010_20220219_20230427_02_T1,7.84855067,99.95,,0.0
2022-02-20,2022,51,LC08_L1TP_012010_20220220_20220301_02_T1,8.20615367,100.0,,0.0
2022-02-21,2022,52,LC09_L1TP_011010_20220221_20230427_02_T1,8.56711961,11.09,0.9775977464874284,0.9382036678883463
2022-02-22,2022,53,LC08_L1TP_010011_20220222_20220301_02_T2,10.16082581,100.0,,0.0
2022-02-27,2022,58,LC08_L1TP_013010_20220227_20220308_02_T1,10.7976928,26.57,0.9920519722100872,0.2527452174625393
2022-02-28,2022,59,LC09_L1TP_012010_20220228_20230426_02_T1,11.17566548,16.63,0.6101415077109649,0.9750855710016705
2022-03-01,2022,60,LC08_L1TP_011010_20220301_20220308_02_T1,11.55508295,0.7,0.9150175964922402,0.9877725182628642
2022-03-02,2022,61,LC09_L1TP_010011_20220302_20230426_02_T1,13.16992349,100.0,,0.0
2022-03-07,2022,66,LC09_L1TP_013010_20220307_20230425_02_T1,13.88027223,57.25,1.0,0.5706454956350775
2022-03-08,2022,67,LC08_L1TP_012010_20220308_20220315_02_T1,14.2701988,6.15,0.8097730256987432,0.9493839956404202
2022-03-09,2022,68,LC09_L1TP_011010_20220309_20230425_02_T1,14.66132173,74.39,,0.0
2022-03-10,2022,69,LC08_L1TP_010011_20220310_20220321_02_T1,16.29068354,7.25,0.6228657528770535,0.5703705977269539
2022-03-15,2022,74,LC08_L1TP_013010_20220315_20220322_02_T1,17.03626607,45.83,1.0,0.47403307439423564
2022-03-17,2022,76,LC08_L1TP_011010_20220317_20220322_02_T1,17.82658149,0.28,0.9654510351509625,0.9998967093007932
2022-03-23,2022,82,LC09_L1TP_013010_20220323_20230424_02_T1,20.2107016,10.21,0.9914411189588298,1.0
2022-03-24,2022,83,LC08_L1TP_012010_20220324_20220330_02_T2,20.6042143,100.0,,0.0
2022-03-25,2022,84,LC09_L1TP_011010_20220325_20230424_02_T1,20.99761208,100.0,,0.0
2022-03-26,2022,85,LC08_L1TP_010011_20220326_20220330_02_T1,22.63960055,53.5,1.0,0.2230601936298583
2022-03-31,2022,90,LC08_L1TP_013010_20220331_20220406_02_T1,23.35162402,36.22,0.9960258971755483,0.9786936219774114
2022-04-01,2022,91,LC09_L1TP_012010_20220401_20230423_02_T1,23.738175,24.36,0.9998368445740624,0.17464320186920548
2022-04-02,2022,92,LC08_L1TP_011010_20220402_20220411_02_T1,24.12246571,100.0,0.9945822752304049,0.9986287269243236
2022-04-03,2022,93,LC09_L1TP_010010_20220403_20230423_02_T1,24.50598909,22.78,0.9937465238314028,0.7364448766032319
2022-04-08,2022,98,LC09_L1TP_013010_20220408_20230422_02_T1,26.40826699,26.54,0.9997064887722896,0.9829321023931387
2022-04-09,2022,99,LC08_L1TP_012010_20220409_20220419_02_T1,26.77972097,32.82,1.0,1.0
2022-04-10,2022,100,LC09_L1TP_011010_20220410_20230422_02_T1,27.14989405,42.69,1.0,0.6898180302819836
2022-04-11,2022,101,LC08_L1TP_010010_20220411_20220419_02_T1,27.51626743,21.35,1.0,0.8066967990568491
2022-04-16,2022,106,LC08_L1TP_013010_20220416_20220420_02_T1,29.32891279,0.56,0.9990953127226101,0.9999964382517514
2022-04-17,2022,107,LC09_L1TP_012010_20220417_20230421_02_T1,29.67888842,7.53,0.9998290354751389,0.9999964382517514
2022-04-18,2022,108,LC08_L1TP_011010_20220418_20220427_02_T2,30.02896369,88.65,,0.0
2022-04-19,2022,109,LC09_L1TP_010011_20220419_20230421_02_T1,31.64080022,48.64,1.0,0.37100989196015155
2022-04-24,2022,114,LC09_L1TP_013010_20220424_20230419_02_T1,32.06287783,46.93,1.0,0.011771577961326538
2022-04-25,2022,115,LC08_L1TP_012010_20220425_20220503_02_T1,32.39016804,55.57,1.0,0.07639949993054591
2022-04-26,2022,116,LC09_L1GT_011010_20220426_20230418_02_T2,32.71012893,99.97,,0.0
2022-04-27,2022,117,LC08_L1GT_010011_20220427_20220503_02_T2,34.30442171,100.0,,0.0
2022-05-02,2022,122,LC08_L1TP_013010_20220502_20220511_02_T1,34.57160608,2.25,0.9993049478350746,0.9890155684015942
2022-05-03,2022,123,LC09_L1TP_012010_20220503_20230418_02_T1,34.86338086,0.84,0.9989991095280498,0.9999608207692664
2022-05-04,2022,124,LC08_L1GT_011010_20220504_20220511_02_T2,35.15465384,41.72,1.0,0.4203254725549489
2022-05-05,2022,125,LC09_L1TP_010011_20220505_20230417_02_T1,36.71195509,1.14,0.9996625460555766,0.6366853164024133
2022-05-10,2022,130,LC09_L1TP_013010_20220510_20230417_02_T1,36.80025201,19.01,1.0,0.4038844426398253
2022-05-11,2022,131,LC08_L1TP_012010_20220511_20220519_02_T1,37.0586584,0.04,0.9999501353469156,0.9999964382517514
2022-05-12,2022,132,LC09_L1TP_011010_20220512_20230416_02_T1,37.30723715,2.6,0.9949952267643162,0.9998967093007932
2022-05-13,2022,133,LC08_L1TP_010010_20220513_20220519_02_T1,37.55577595,7.43,1.0,0.15571607167662174
2022-05-14,2022,134,LC08_L1TP_081234_20220514_20220519_02_T1,6.21696244,14.21,0.9896085545159442,0.9326437788724218
2022-05-18,2022,138,LC08_L1TP_013010_20220518_20220525_02_T1,38.71358092,30.75,1.0,0.0004131627968271947
2022-05-19,2022,139,LC09_L1TP_012010_20220519_20230416_02_T1,38.92421132,10.76,0.999892746825306,0.9962637260873127
2022-05-20,2022,140,LC08_L1TP_084234_20220520_20220524_02_T2,7.30689983,0.03,,0.0
2022-05-21,2022,141,LC09_L1TP_010010_20220521_20230415_02_T1,39.33477919,23.13,1.0,0.7704203931457717
2022-05-22,2022,142,LC09_L1TP_081234_20220522_20230415_02_T1,7.88919036,55.85,1.0,4.9864475479144185e-05
2022-05-26,2022,146,LC09_L1TP_013010_20220526_20230415_02_T1,40.26468318,14.9,0.5587996320436966,0.9950847874170557
2022-05-27,2022,147,LC08_L1TP_012010_20220527_20220603_02_T1,40.43476308,73.35,0.9998842283373408,0.39994871082522143
2022-05-28,2022,148,LC09_L1GT_084233_20220528_20230415_02_T2,7.46734332,36.35,0.9864655839133797,0.41309209530695634
2022-05-29,2022,149,LC08_L1TP_010011_20220529_20220603_02_T1,42.02301328,52.0,1.0,0.2738485688227866
2022-05-30,2022,150,LC09_L1TP_082234_20220530_20230415_02_T2,9.12965983,18.17,0.7010610155845649,0.9909638446935294
2022-06-03,2022,154,LC08_L1TP_013010_20220603_20220610_02_T1,41.43109748,65.31,0.5186284544524054,0.3479828038794562
2022-06-04,2022,155,LC09_L1TP_012010_20220604_20230414_02_T1,41.54484074,1.12,0.3023659155607415,0.7844857369791388
2022-06-05,2022,156,LC08_L1TP_011010_20220605_20220610_02_T1,41.65609753,0.02,0.3417359061539206,0.809767026047065
2022-06-06,2022,157,LC09_L1TP_010010_20220606_20230414_02_T1,41.75679429,0.03,0.6622851260936696,0.3460238423427755
2022-06-07,2022,158,LC08_L1TP_082234_20220607_20220609_02_T1,10.1392463,0.02,0.2364777440077102,0.9386880656501437
2022-06-11,2022,162,LC09_L1TP_013010_20220611_20230413_02_T1,42.17221055,65.74,,0.0
2022-06-12,2022,163,LC08_L1TP_012010_20220612_20220617_02_T1,42.23678841,91.01,,0.0
2022-06-13,2022,164,LC09_L1TP_011010_20220613_20230412_02_T1,42.29017077,81.54,0.0007704160246533128,0.004623149226566368
2022-06-14,2022,165,LC08_L1TP_083234_20220614_20220616_02_T1,10.7242325,49.39,0.00028026079004041655,0.2414651607595072
2022-06-15,2022,166,LC08_L1TP_081234_20220615_20220627_02_T1,10.83282025,0.01,0.001325943219689544,0.9992662798608068
2022-06-19,2022,170,LC08_L1TP_013010_20220619_20220630_02_T1,42.48318718,13.26,0.0018074544125773158,0.9990881924483813
2022-06-20,2022,171,LC09_L1TP_012010_20220620_20230411_02_T1,42.48802107,7.02,0.0012442777484633705,0.9990133957351627
2022-06-21,2022,172,LC08_L1TP_084234_20220621_20220701_02_T1,10.99134353,2.25,,0.0
2022-06-22,2022,173,LC09_L1GT_010010_20220622_20230411_02_T2,42.48231969,62.08,,0.0
2022-06-23,2022,174,LC09_L1GT_081234_20220623_20230410_02_T2,11.02943367,79.86,0.0007869884575026233,0.312279839436389
2022-06-27,2022,178,LC09_L1TP_013010_20220627_20230409_02_T1,42.34761761,10.12,0.00807203397397662,0.9972147128696649
2022-06-28,2022,179,LC08_L1TP_012010_20220628_20220706_02_T1,42.30344607,0.59,0.011719660276840675,0.9934891242017232
2022-06-29,2022,180,LC09_L1TP_084234_20220629_20230409_02_T1,10.92047877,0.14,,0.0
2023-02-14,2023,45,LC08_L1TP_013010_20230214_20230222_02_T1,6.01544387,4.48,0.8284971927975725,0.9801396917663066
2023-02-15,2023,46,LC09_L1TP_012010_20230215_20230310_02_T1,6.3568008,36.68,1.0,0.76810525678424
2023-02-16,2023,47,LC08_L1TP_011010_20230216_20230223_02_T2,6.70062598,73.52,1.0,0.10856564836284242
2023-02-17,2023,48,LC09_L1TP_010011_20230217_20230310_02_T1,8.27988404,20.42,0.7915642441944533,0.6064788831205276
2023-02-22,2023,53,LC09_L1GT_013010_20230222_20230308_02_T2,8.8469352,68.47,,0.0
2023-02-23,2023,54,LC08_L1TP_012010_20230223_20230301_02_T1,9.21208886,15.41,0.7020148542273503,0.9452131884414146
2023-02-24,2023,55,LC09_L1GT_011010_20230224_20230308_02_T2,9.58063031,100.0,,0.0
2023-02-25,2023,56,LC08_L1TP_010011_20230225_20230301_02_T1,11.18219584,17.75,0.8015983595783275,0.1667909007997755
2023-03-02,2023,61,LC08_L1TP_013010_20230302_20230316_02_T1,11.84844866,5.01,0.9503801388763046,0.4324069226138958
2023-03-03,2023,62,LC09_L1TP_012010_20230303_20230307_02_T1,12.23166232,3.21,0.5987653380658232,0.9352509785903312
2023-03-04,2023,63,LC08_L1TP_011010_20230304_20230316_02_T1,12.6151888,100.0,,0.0
2023-03-05,2023,64,LC09_L1TP_010011_20230305_20230307_02_T1,14.23658514,0.79,0.4979246174535674,0.6031859478041252
2023-03-10,2023,69,LC09_L1TP_013010_20230310_20230310_02_T1,14.96163228,0.13,0.2778436315079155,0.9975815729392615
2023-03-11,2023,70,LC08_L1TP_012010_20230311_20230320_02_T1,15.3530751,0.02,0.2701624841707243,0.9984826952461346
2023-03-12,2023,71,LC09_L1TP_011010_20230312_20230312_02_T1,15.74730643,0.02,0.2711216366593432,0.9986287269243236
2023-03-13,2023,72,LC08_L1TP_010011_20230313_20230321_02_T1,17.37980818,0.01,0.42075966629789663,0.6301783709835835
2023-03-18,2023,77,LC08_L1TP_013010_20230318_20230324_02_T1,18.1296503,5.87,0.4188344653735733,0.8138452277916093
2023-03-19,2023,78,LC09_L1TP_012010_20230319_20230319_02_T1,18.5261446,26.52,0.38111467994377124,0.9070846734411119
2023-03-20,2023,79,LC08_L1TP_011010_20230320_20230324_02_T1,18.92070578,19.08,0.9752213197042986,0.3902607555892734
2023-03-21,2023,80,LC09_L1TP_010010_20230321_20230321_02_T1,19.31717727,1.98,0.4037792746035474,0.47009021908313475
2023-03-26,2023,85,LC09_L1TP_013010_20230326_20230326_02_T1,21.30103447,0.02,0.9816082943577413,0.9450635950149772
2023-03-27,2023,86,LC08_L1TP_012010_20230327_20230405_02_T1,21.69211666,0.02,0.9732707556632161,0.9410316959976635
2023-03-28,2023,87,LC09_L1TP_011010_20230328_20230328_02_T1,22.08408726,100.0,0.9767779007854921,0.945879235363886
2023-03-29,2023,88,LC08_L1TP_010011_20230329_20230405_02_T1,23.7249577,0.1,0.962783458999268,0.6170066297179739
2023-04-03,2023,93,LC08_L1TP_013010_20230403_20230412_02_T1,24.41688255,0.18,0.9962599378793492,0.9999394502797754
2023-04-04,2023,94,LC09_L1TP_012010_20230404_20230404_02_T1,24.799412,10.17,0.9967404430859989,0.9998290360840715
2023-04-05,2023,95,LC08_L1TP_011010_20230405_20230412_02_T1,25.17850602,10.35,0.9970646489690648,0.999839721328817
2023-04-06,2023,96,LC09_L1TP_010011_20230406_20230406_02_T1,26.81674562,0.51,0.9752525951557094,0.6335940788550583
2023-04-11,2023,101,LC09_L1TP_013010_20230411_20230411_02_T1,27.43082739,1.42,0.621235053452206,0.9671962986312201
2023-04-12,2023,102,LC08_L1TP_012010_20230412_20230421_02_T1,27.79529841,2.86,0.6201523585612373,0.9271480013249703
2023-04-13,2023,103,LC09_L1TP_011010_20230413_20230413_02_T1,28.15923954,1.22,0.989099933901201,0.8567749794309039
2023-04-14,2023,104,LC08_L1TP_010010_20230414_20230428_02_T1,28.51883922,0.07,0.8110502548643789,0.6002293765872041
2023-04-19,2023,109,LC08_L1GT_013010_20230419_20230429_02_T2,30.2925683,99.96,,0.0
2023-04-20,2023,110,LC09_L1TP_012010_20230420_20230420_02_T1,30.63662154,0.23,0.9969387464184403,0.9994408055249839
2023-04-22,2023,112,LC09_L1TP_010010_20230422_20230422_02_T1,31.31372922,24.98,1.0,0.7041968079612196
2023-04-27,2023,117,LC09_L1TP_013010_20230427_20230427_02_T1,32.95634619,11.38,0.9717858633807244,0.7593326708481591
2023-04-28,2023,118,LC08_L1TP_012010_20230428_20230508_02_T1,33.27066494,0.16,0.9477866777524553,0.9595848426241537
2023-04-29,2023,119,LC09_L1TP_011010_20230429_20230429_02_T1,33.58259916,0.01,0.8740635403821014,0.9617895647899816
2023-04-30,2023,120,LC08_L1TP_010011_20230430_20230509_02_T1,35.16132614,0.01,0.18264170875837707,0.6640899045881857
2023-05-05,2023,125,LC08_L1TP_013010_20230505_20230509_02_T1,35.37093296,54.01,1.0,0.5062989517774905
2023-05-06,2023,126,LC09_L1TP_012010_20230506_20230506_02_T1,35.65280283,76.88,,0.0
2023-05-07,2023,127,LC08_L1TP_011010_20230507_20230517_02_T1,35.92822919,63.11,,0.0
2023-05-08,2023,128,LC09_L1GT_010011_20230508_20230508_02_T2,37.47600571,68.57,,0.0
2023-05-09,2023,129,LC09_L1GT_081234_20230509_20230510_02_T2,4.92311056,15.63,1.0,0.011497323346191244
2023-05-13,2023,133,LC09_L1TP_013010_20230513_20230513_02_T2,37.49627936,66.38,,0.0
2023-05-14,2023,134,LC08_L1TP_012010_20230514_20230523_02_T1,37.73777931,70.54,,0.0
2023-05-15,2023,135,LC09_L1TP_011010_20230515_20230515_02_T1,37.97516807,0.69,0.06090816978437173,0.8752889468266604
2023-05-16,2023,136,LC08_L1TP_010011_20230516_20230523_02_T1,39.4798558,12.69,0.05437220099563996,0.6667558229268977
2023-05-17,2023,137,LC09_L1TP_082234_20230517_20230517_02_T1,6.59401332,10.23,0.03718960608354056,0.9882782865141526
2023-05-21,2023,141,LC08_L1GT_013010_20230521_20230602_02_T2,39.29061662,95.02,,0.0
2023-05-22,2023,142,LC09_L1TP_012010_20230522_20230522_02_T1,39.48770685,3.82,0.006320501342882721,0.9946181983965009
2023-05-23,2023,143,LC08_L1TP_084233_20230523_20230602_02_T2,6.55315885,8.74,0.009864979810521993,0.43902323864465564
2023-05-24,2023,144,LC09_L1TP_010010_20230524_20230524_02_T1,39.86568483,8.55,,0.0
2023-05-25,2023,145,LC09_L1TP_081234_20230525_20230526_02_T2,8.39705506,23.91,0.10546271844379988,0.9872738735080727
2023-05-29,2023,149,LC09_L1TP_013010_20230529_20230601_02_T1,40.71138584,25.22,0.06862387381065986,0.8883106984232141
2023-05-30,2023,150,LC08_L1GT_012010_20230530_20230607_02_T2,40.86285842,97.62,,0.0
2023-05-31,2023,151,LC09_L1GT_011010_20230531_20230531_02_T2,41.00385074,98.66,,0.0
2023-06-01,2023,152,LC08_L1GT_010010_20230601_20230607_02_T2,41.14282309,78.38,0.0,1.4246992994041195e-05
2023-06-02,2023,153,LC09_L1GT_082234_20230602_20230602_02_T2,9.50229729,79.35,,0.0
2023-06-06,2023,157,LC08_L1TP_013010_20230606_20230613_02_T1,41.7333146,80.16,,0.0
2023-06-07,2023,158,LC09_L1TP_012010_20230607_20230607_02_T1,41.82785526,92.11,,0.0
2023-06-08,2023,159,LC08_L1TP_011010_20230608_20230614_02_T1,41.92169663,30.35,0.0,0.0035118837730311546
2023-06-09,2023,160,LC09_L1TP_010010_20230609_20230610_02_T1,42.00296674,0.43,0.03477233958798058,0.5971698348417337
2023-06-10,2023,161,LC09_L1GT_081234_20230610_20230611_02_T2,10.49773627,63.85,0.994756616159531,0.08626910432716794
2023-06-14,2023,165,LC09_L1TP_013010_20230614_20230615_02_T1,42.32434408,42.47,0.021688264938804897,0.03957814653744644
2023-06-15,2023,166,LC08_L1TP_012010_20230615_20230622_02_T1,42.37192181,21.7,0.004234867270189244,0.604717179380327
2023-06-16,2023,167,LC09_L1GT_084233_20230616_20230616_02_T2,9.52391137,55.31,,0.0
2023-06-17,2023,168,LC08_L1GT_010010_20230617_20230623_02_T2,42.43881718,55.8,0.0024957572127383447,0.107034096615983
2023-06-18,2023,169,LC08_L1TP_081234_20230618_20230623_02_T1,10.98201002,40.25,0.006565591582318293,0.9965486659471935
2023-06-22,2023,173,LC08_L1TP_013010_20230622_20230630_02_T1,42.48470173,86.42,0.014974922378791498,0.14913039916512622
2023-06-23,2023,174,LC09_L1TP_012010_20230623_20230623_02_T1,42.47178636,63.92,0.0042401763762945,0.7576800196608503
2023-06-24,2023,175,LC08_L1TP_084233_20230624_20230630_02_T2,9.70636832,49.52,0.00992231527660153,0.4105307888433902
2023-06-25,2023,176,LC09_L1TP_010010_20230625_20230625_02_T1,42.42824519,6.32,1.0,2.4932237739572093e-05
2023-06-26,2023,177,LC08_L1TP_082234_20230626_20230630_02_T2,11.02870119,1.79,0.012587583509858237,0.26230138801329245
2024-02-17,2024,48,LC08_L1TP_013010_20240217_20240223_02_T2,6.96912183,57.55,,0.0
2024-02-18,2024,49,LC09_L1TP_012010_20240218_20240218_02_T1,7.32068956,55.71,0.5699279380291603,0.8703951047332072
2024-02-19,2024,50,LC08_L1TP_011010_20240219_20240228_02_T1,7.67288343,56.62,1.0,0.0008476960831454511
2024-02-20,2024,51,LC09_L1TP_010011_20240220_20240220_02_T1,9.26066595,0.08,0.6971209087029316,0.5342535428651607
2024-02-25,2024,56,LC09_L1GT_013010_20240225_20240225_02_T2,9.86568707,54.28,,0.0
2024-02-26,2024,57,LC08_L1TP_012010_20240226_20240313_02_T1,10.23678337,33.54,0.7893063294934906,0.5701504126285346
2024-02-27,2024,58,LC09_L1TP_011010_20240227_20240227_02_T1,10.61199327,41.12,0.9807038270146422,0.6964321967794672
2024-02-28,2024,59,LC08_L1TP_010011_20240228_20240313_02_T1,12.2193028,7.05,0.8070595672941837,0.6242107478602498
2024-03-04,2024,64,LC08_L1TP_013010_20240304_20240315_02_T1,12.91049614,16.66,0.7641541038525963,0.03189545556540973
2024-03-05,2024,65,LC09_L1TP_012010_20240305_20240305_02_T1,13.29879851,59.07,,0.0
2024-03-06,2024,66,LC08_L1GT_011010_20240306_20240315_02_T2,13.68592676,71.72,,0.0
2024-03-07,2024,67,LC09_L1TP_010010_20240307_20240307_02_T1,14.07649186,90.79,,0.0
2024-03-12,2024,72,LC09_L1TP_013010_20240312_20240312_02_T1,16.05177404,0.78,0.9959956173066422,0.9979769269948462
2024-03-13,2024,73,LC08_L1TP_012010_20240313_20240401_02_T1,16.44508842,0.39,0.9843385466940692,0.999971506014012
2024-03-14,2024,74,LC09_L1TP_011010_20240314_20240315_02_T1,16.84128776,75.4,1.0,0.04172944247954666
2024-03-15,2024,75,LC08_L1TP_010011_20240315_20240401_02_T1,18.47631559,0.21,1.0,0.022563841728637575
2024-03-20,2024,80,LC08_L1TP_013010_20240320_20240402_02_T1,19.22625157,15.74,1.0,0.4662755867089802
2024-03-21,2024,81,LC09_L1TP_012010_20240321_20240321_02_T1,19.62222163,0.29,0.9909921140927644,0.9999750677622604
2024-03-22,2024,82,LC08_L1TP_011010_20240322_20240403_02_T1,20.01578353,0.01,0.9918791561445938,0.999992876503503
2024-03-23,2024,83,LC09_L1TP_010011_20240323_20240323_02_T1,21.65887493,0.05,0.962837241243991,0.6704039217061878
2024-03-28,2024,88,LC09_L1TP_013010_20240328_20240328_02_T1,22.38318823,0.76,0.9944115373792995,0.999985753007006
2024-03-29,2024,89,LC08_L1TP_012010_20240329_20240410_02_T1,22.77103964,0.02,0.9950846648667516,0.9999750677622604
2024-03-30,2024,90,LC09_L1TP_011010_20240330_20240330_02_T1,23.16006491,0.03,1.0,1.0
2024-03-31,2024,91,LC08_L1TP_010010_20240331_20240410_02_T1,23.54554994,19.67,1.0,0.0022830806272951015
2024-04-05,2024,96,LC08_L1TP_013010_20240405_20240412_02_T1,25.46936387,13.72,0.9999962973111073,0.9619355964681704
2024-04-06,2024,97,LC09_L1TP_012010_20240406_20240406_02_T1,25.84733331,21.1,1.0,0.4065664390709536
2024-04-07,2024,98,LC08_L1TP_011010_20240407_20240418_02_T1,26.22115103,0.01,1.0,1.0
2024-04-08,2024,99,LC09_L1TP_010011_20240408_20240408_02_T1,27.85644226,4.68,1.0,0.5396818436929984
2024-04-13,2024,104,LC09_L1TP_013010_20240413_20240413_02_T1,28.43834522,4.26,0.9993054590915404,1.0
2024-04-14,2024,105,LC08_L1TP_012010_20240414_20240423_02_T1,28.79592486,16.85,0.9990596917641108,0.999992876503503
2024-04-15,2024,106,LC09_L1TP_011010_20240415_20240415_02_T1,29.15295607,0.01,0.9992520328678128,1.0
2024-04-16,2024,107,LC08_L1TP_010011_20240416_20240423_02_T1,30.77081939,0.01,0.9850453133424045,0.6831591132313737
2024-04-21,2024,112,LC08_L1TP_013010_20240421_20240430_02_T1,31.23549936,92.3,,0.0
2024-04-22,2024,113,LC09_L1TP_012010_20240422_20240422_02_T1,31.57026951,88.4,1.0,0.0020515669911419323
2024-04-23,2024,114,LC08_L1TP_011010_20240423_20240430_02_T1,31.90006697,83.47,1.0,0.07337913741580918
2024-04-24,2024,115,LC09_L1TP_010010_20240424_20240424_02_T1,32.22791338,55.15,0.018983346532153472,0.6206631262889076
2024-04-29,2024,120,LC09_L1GT_013010_20240429_20240429_02_T2,33.81760381,100.0,,0.0
2024-04-30,2024,121,LC08_L1GT_012010_20240430_20240511_02_T2,34.12081873,94.17,,0.0
2024-05-01,2024,122,LC09_L1GT_011010_20240501_20240501_02_T2,34.42186054,75.33,,0.0
2024-05-02,2024,123,LC08_L1GT_010011_20240502_20240513_02_T2,35.98992584,98.18,,0.0
2024-05-07,2024,128,LC08_L1TP_013010_20240507_20240514_02_T1,36.13830063,99.92,,0.0
2024-05-08,2024,129,LC09_L1GT_012010_20240508_20240508_02_T2,36.4077253,91.78,,0.0
2024-05-09,2024,130,LC08_L1GT_084234_20240509_20240514_02_T2,4.89873232,22.88,,0.0
2024-05-10,2024,131,LC08_L1TP_082234_20240510_20240520_02_T1,5.39709707,12.6,0.9863610484516097,0.988435003437087
2024-05-11,2024,132,LC09_L1TP_081234_20240511_20240512_02_T2,5.61203056,100.0,,0.0
2024-05-15,2024,136,LC09_L1TP_013010_20240515_20240516_02_T1,38.15478792,17.57,0.9232133406008326,0.9017705450543345
2024-05-16,2024,137,LC08_L1TP_012010_20240516_20240521_02_T1,38.38126463,17.2,0.9450500591499869,0.44860575364812066
2024-05-17,2024,138,LC09_L1TP_011010_20240517_20240517_02_T1,38.60406118,0.01,0.6726406435977227,0.9934855624534746
2024-05-18,2024,139,LC08_L1TP_010011_20240518_20240605_02_T1,40.09194342,19.19,0.6454106484815113,0.6211151255787849
2024-05-19,2024,140,LC09_L1TP_082234_20240519_20240519_02_T1,7.19400851,4.22,0.7093180852466703,0.9723430248503175
2024-05-23,2024,144,LC08_L1TP_013010_20240523_20240605_02_T1,39.82161008,72.79,1.0,1.4246992994041195e-05
2024-05-24,2024,145,LC09_L1TP_012010_20240524_20240524_02_T1,40.00415992,23.06,0.6171122307433543,0.9423352958566182
2024-05-25,2024,146,LC08_L1TP_011010_20240525_20240610_02_T1,40.17873518,0.02,0.6450504633136683,0.9309626336991249
2024-05-26,2024,147,LC09_L1TP_083234_20240526_20240526_02_T1,8.53292449,4.47,0.8148638779252261,0.9168509871385271
2024-05-27,2024,148,LC09_L1TP_081234_20240527_20240528_02_T2,8.86626333,66.01,0.9106087956918443,0.9411670424311069
2024-05-31,2024,152,LC09_L1TP_013010_20240531_20240531_02_T1,41.10925286,45.36,0.6314503745754037,0.918546379304818
2024-06-01,2024,153,LC08_L1TP_012010_20240601_20240611_02_T1,41.24247268,14.5,0.5255166802891225,0.9456192277417448
2024-06-02,2024,154,LC09_L1TP_011010_20240602_20240602_02_T1,41.36635673,44.45,0.4500191542655076,0.6043396340659849
2024-06-03,2024,155,LC08_L1TP_010010_20240603_20240626_02_T1,41.48686803,0.03,0.7176907403977302,0.4230430864685622
2024-06-04,2024,156,LC09_L1TP_082234_20240604_20240604_02_T1,9.86209537,0.6,0.3992124883328106,0.9425490007515289
2024-06-08,2024,160,LC08_L1TP_013010_20240608_20240627_02_T1,41.98658239,25.49,0.0011189681183460722,0.9962993435697978
2024-06-09,2024,161,LC09_L1TP_012010_20240609_20240609_02_T1,42.063646,65.85,,0.0
2024-06-10,2024,162,LC08_L1TP_011010_20240610_20240628_02_T1,42.13793528,55.88,0.0006888303509250007,0.941070875228397
2024-06-11,2024,163,LC09_L1TP_083234_20240611_20240611_02_T1,10.56284101,7.26,0.002553956834532374,0.0990166013085863
2024-06-12,2024,164,LC09_L1GT_081234_20240612_20240613_02_T2,10.7059783,99.96,,0.0
2024-06-15,2024,167,LC08_L1GT_014010_20240615_20240705_02_T2,42.3994995,99.99,,0.0
2024-06-16,2024,168,LC09_L1TP_013010_20240616_20240616_02_T1,42.42796018,0.38,0.0021441666160405106,0.9966804506323884
2024-06-17,2024,169,LC08_L1TP_012010_20240617_20240705_02_T1,42.4553487,12.82,0.0018467023172905525,0.9990703837071389
2024-06-18,2024,170,LC09_L1TP_011010_20240618_20240618_02_T1,42.46966264,10.4,0.0018872755896550742,0.7511228411353429
2024-06-19,2024,171,LC09_L1TP_082234_20240619_20240620_02_T1,11.00475671,1.83,0.00392704021289178,0.3854666424467786
2024-06-20,2024,172,LC08_L1TP_081234_20240620_20240706_02_T2,11.06005935,0.02,0.0017858606886079198,0.9992021683923337
2024-06-24,2024,176,LC08_L1TP_013010_20240624_20240708_02_T1,42.43463421,68.43,0.0011288022813688212,0.05995134651892535
2024-06-25,2024,177,LC09_L1TP_012010_20240625_20240625_02_T1,42.39980642,72.85,,0.0
2024-06-26,2024,178,LC08_L1TP_011010_20240626_20240709_02_T1,42.36746663,54.84,0.0,0.00012109944044935016
2024-06-27,2024,179,LC09_L1TP_083234_20240627_20240627_02_T1,10.97551994,10.54,0.0007324044301536263,0.9969333347580326
2024-06-28,2024,180,LC09_L1TP_081234_20240628_20240629_02_T1,10.94047015,38.81,0.0020049231208305093,0.9983936515399219
2025-02-14,2025,45,LC08_L1TP_010011_20250214_20250226_02_T1,7.4171282,98.76,,0.0
2025-02-19,2025,50,LC08_L1TP_013010_20250219_20250226_02_T1,7.94554341,0.43,0.01290315683696268,0.9995298492311966
2025-02-20,2025,51,LC09_L1TP_012010_20250220_20250220_02_T1,8.30491087,0.26,0.013935228514885439,0.9970686811914761
2025-02-21,2025,52,LC08_L1GT_011010_20250221_20250303_02_T2,8.66552885,48.57,1.0,0.0002279518879046591
2025-02-22,2025,53,LC09_L1TP_010011_20250222_20250222_02_T1,10.26120366,76.54,,0.0
2025-02-27,2025,58,LC09_L1TP_013010_20250227_20250227_02_T1,10.90176822,9.26,0.5661818661521845,0.8639875196341372
2025-02-28,2025,59,LC08_L1TP_012010_20250228_20250304_02_T1,11.27932324,89.0,,0.0
2025-03-01,2025,60,LC09_L1TP_011010_20250301_20250301_02_T1,11.65989049,20.35,0.085669692098073,0.9881215695912181
2025-03-02,2025,61,LC08_L1GT_010010_20250302_20250311_02_T2,12.04093608,99.91,,0.0
2025-03-07,2025,66,LC08_L1TP_013010_20250307_20250312_02_T1,13.98669109,6.23,1.0,0.06598494805190179
2025-03-08,2025,67,LC09_L1TP_012010_20250308_20250308_02_T1,14.3776002,2.51,0.956961994834717,0.5916384398117972
2025-03-09,2025,68,LC08_L1TP_011010_20250309_20250324_02_T1,14.76796445,84.47,0.3977048851187713,0.5676785593440684
2025-03-10,2025,69,LC09_L1TP_010011_20250310_20250310_02_T1,16.39878659,100.0,,0.0
2025-03-15,2025,74,LC09_L1TP_013010_20250315_20250315_02_T1,17.14409943,3.89,0.0033131065775969175,0.9890440623875824
2025-03-16,2025,75,LC08_L1TP_012010_20250316_20250327_02_T1,17.53849726,94.91,,0.0
2025-03-17,2025,76,LC09_L1TP_011010_20250317_20250317_02_T1,17.93480419,4.37,0.4084998675036779,0.7795740861444431
2025-03-18,2025,77,LC08_L1TP_010011_20250318_20250327_02_T1,19.57242422,42.47,,0.0
2025-03-23,2025,82,LC08_L1TP_013010_20250323_20250331_02_T1,20.31763452,9.94,0.9557844976905312,0.987031674627174
2025-03-24,2025,83,LC09_L1TP_012010_20250324_20250324_02_T1,20.71230197,7.75,0.9909259694132151,0.9707046206560028
2025-03-25,2025,84,LC08_L1TP_011010_20250325_20250401_02_T1,21.10440951,33.54,1.0,0.3300030987209762
2025-03-26,2025,85,LC09_L1TP_010011_20250326_20250326_02_T1,22.74804202,29.29,,0.0
2025-03-31,2025,90,LC09_L1TP_013010_20250331_20250331_02_T1,23.4581257,13.21,0.9957721445947919,0.999985753007006
2025-04-01,2025,91,LC08_L1TP_012010_20250401_20250411_02_T1,23.84290579,26.25,1.0,0.6994774915319435
2025-04-02,2025,92,LC09_L1TP_011010_20250402_20250402_02_T1,24.22823415,0.75,0.9999572433353049,0.9996331399304035
2025-04-03,2025,93,LC08_L1TP_010011_20250403_20250411_02_T1,25.86625264,6.84,0.9812516162399794,0.5764960712782377
2025-04-08,2025,98,LC08_L1TP_013010_20250408_20250416_02_T1,26.50913336,39.76,,0.0
2025-04-09,2025,99,LC09_L1TP_012010_20250409_20250410_02_T1,26.88092319,12.46,0.9203066562583742,0.9171038712641713
2025-04-10,2025,100,LC08_L1TP_011010_20250410_20250416_02_T1,27.24888912,41.74,0.8463373629012889,0.2224489868607107
2025-04-11,2025,101,LC09_L1TP_010010_20250411_20250411_02_T1,27.61625246,75.5,1.0,0.0033943460808303146
2025-04-16,2025,106,LC09_L1TP_013010_20250416_20250416_02_T1,29.42278943,99.95,,0.0
2025-04-17,2025,107,LC08_L1TP_012010_20250417_20250425_02_T1,29.77257791,0.08,0.7393260838734653,0.9292351857985974
2025-04-18,2025,108,LC09_L1TP_011010_20250418_20250418_02_T1,30.12102247,7.82,0.9053838228704275,0.9299617824412935
2025-04-19,2025,109,LC08_L1TP_010011_20250419_20250425_02_T1,31.73293929,11.07,0.9199536941205333,0.5719315630700155
2025-04-24,2025,114,LC08_L1TP_013010_20250424_20250429_02_T1,32.15118823,7.42,0.6864720088820722,0.9335377776827978
2025-04-25,2025,115,LC09_L1TP_012010_20250425_20250425_02_T1,32.47671318,13.19,0.694453804435031,0.8879010973746354
2025-04-26,2025,116,LC08_L1TP_011010_20250426_20250507_02_T1,32.79686418,52.06,0.9994221323316961,0.2218897923856946
2025-04-27,2025,117,LC09_L1TP_010010_20250427_20250427_02_T1,33.11470966,16.93,0.6658238411148663,0.42682210136023163
2025-05-02,2025,122,LC09_L1TP_013010_20250502_20250502_02_T1,34.65012327,71.29,,0.0
2025-05-03,2025,123,LC08_L1TP_012010_20250503_20250512_02_T1,34.94179097,80.51,0.6771277148498389,0.27419762716331686
2025-05-04,2025,124,LC09_L1TP_011010_20250504_20250504_02_T1,35.23053473,50.96,0.5222975702212279,0.9170504450404436
2025-05-05,2025,125,LC08_L1TP_010011_20250505_20250512_02_T1,36.78723112,44.21,0.1723359944463728,0.15158902764136384
2025-05-10,2025,130,LC08_L1TP_013010_20250510_20250514_02_T2,36.87094375,93.27,,0.0
2025-05-11,2025,131,LC09_L1TP_012010_20250511_20250511_02_T1,37.1246293,98.6,,0.0
2025-05-12,2025,132,LC08_L1TP_011010_20250512_20250515_02_T1,37.37544325,0.01,0.05998413213603087,0.9876371718294208
2025-05-13,2025,133,LC09_L1TP_083234_20250513_20250513_02_T1,5.79585869,6.4,0.00968115031485157,0.9977596603516871
2025-05-14,2025,134,LC08_L1TP_082234_20250514_20250528_02_T1,6.08031573,14.85,0.16018556575482182,0.9358992167715602
2025-05-18,2025,138,LC09_L1TP_013010_20250518_20250518_02_T1,38.76960994,98.02,,0.0
2025-05-19,2025,139,LC08_L1TP_012010_20250519_20250529_02_T1,38.98319932,92.71,,0.0
2025-05-20,2025,140,LC09_L1TP_084233_20250520_20250520_02_T2,6.00640454,29.35,1.0,0.000703941212324122
2025-05-21,2025,141,LC08_L1GT_010010_20250521_20250529_02_T2,39.39067222,42.68,,0.0
2025-05-22,2025,142,LC08_L1GT_081234_20250522_20250602_02_T2,7.98267155,0.01,0.009953025440677178,0.07658114909121994
2025-05-26,2025,146,LC08_L1TP_013010_20250526_20250603_02_T1,40.31318784,77.69,,0.0
2025-05-27,2025,147,LC09_L1TP_012010_20250527_20250527_02_T1,40.47608814,42.24,0.0013904197550838801,0.7044496920868639
2025-05-28,2025,148,LC08_L1TP_011010_20250528_20250603_02_T1,40.63690834,0.01,0.0010445260418523404,0.9991060011896239
2025-05-29,2025,149,LC09_L1TP_010010_20250529_20250529_02_T1,40.78733376,0.01,0.0007279126873338585,0.7731095130733969
2025-05-30,2025,150,LC08_L1TP_082234_20250530_20250606_02_T1,9.17673996,0.01,0.0007451378861614703,0.9990169574834111
2025-06-02,2025,153,LC08_L1TP_014010_20250602_20250607_02_T1,41.34118185,36.62,0.11460383112949385,0.8070939156472128
2025-06-03,2025,154,LC09_L1TP_013010_20250603_20250603_02_T1,41.46136228,3.26,0.0010801869472063085,0.9990953159448784
2025-06-04,2025,155,LC08_L1TP_012010_20250604_20250607_02_T1,41.57558402,52.12,,0.0
2025-06-05,2025,156,LC09_L1TP_084234_20250605_20250605_02_T2,9.97579764,70.78,,0.0
2025-06-06,2025,157,LC08_L1GT_083234_20250606_20250617_02_T2,10.09229284,82.57,,0.0
2025-06-07,2025,158,LC08_L1TP_081234_20250607_20250617_02_T1,10.2990031,73.11,1.0,0.005250016918304181
2025-06-10,2025,161,LC09_L1GT_014010_20250610_20250610_02_T2,42.12290892,94.77,,0.0
2025-06-11,2025,162,LC08_L1TP_013010_20250611_20250618_02_T1,42.19064635,83.45,,0.0
2025-06-12,2025,163,LC09_L1TP_012010_20250612_20250612_02_T1,42.25050837,3.81,0.00045631171794231935,0.9991060011896239
2025-06-13,2025,164,LC08_L1TP_084234_20250613_20250626_02_T1,10.70763198,0.37,,0.0
2025-06-14,2025,165,LC09_L1TP_010011_20250614_20250614_02_T1,43.61052835,68.33,,0.0
2025-06-15,2025,166,LC09_L1TP_081234_20250615_20250616_02_T1,10.87027515,1.93,0.0005886067143973203,0.9984399542671525
2025-06-19,2025,170,LC09_L1TP_013010_20250619_20250619_02_T1,42.48350234,8.19,0.0007451538261331507,0.9989955869939201
2025-06-20,2025,171,LC08_L1TP_012010_20250620_20250627_02_T1,42.49005149,13.13,0.000643097700079541,0.8418405690249002
2025-06-21,2025,172,LC09_L1TP_011010_20250621_20250621_02_T1,42.48803196,28.22,,0.0
2025-06-22,2025,173,LC08_L1TP_010011_20250622_20250630_02_T1,43.73440027,50.5,,0.0
2025-06-23,2025,174,LC08_L1TP_081234_20250623_20250701_02_T1,11.03685423,9.51,0.007436895752220132,0.08141800321269692
2025-06-27,2025,178,LC08_L1TP_013010_20250627_20250710_02_T1,42.33610105,58.04,0.0002483546504408295,0.05736551729050687
2025-06-28,2025,179,LC09_L1TP_012010_20250628_20250628_02_T1,42.28601987,95.09,,0.0
2025-06-29,2025,180,LC08_L1GT_084234_20250629_20250711_02_T2,10.91778305,63.06,,0.0
2026-02-14,2026,45,LC09_L1TP_013010_20260214_20260214_02_T1,6.11021059,7.01,0.27447627861742263,0.9082529268666232
2026-02-15,2026,46,LC08_L1TP_012010_20260215_20260221_02_T1,6.45135042,33.14,0.8072226462221606,0.10267095501155787
2026-02-16,2026,47,LC09_L1TP_011010_20260216_20260216_02_T1,6.7977838,72.23,,0.0
2026-02-17,2026,48,LC08_L1TP_010011_20260217_20260226_02_T1,8.3748709,56.59,1.0,0.0019775150834853376
2026-02-22,2026,53,LC08_L1GT_013010_20260222_20260227_02_T2,8.94719056,90.79,,0.0
2026-02-23,2026,54,LC09_L1GT_012010_20260223_20260223_02_T2,9.31466527,100.0,,0.0
2026-02-24,2026,55,LC08_L1GT_011010_20260224_20260306_02_T2,9.68207562,100.0,,0.0
2026-02-25,2026,56,LC09_L1TP_010010_20260225_20260225_02_T1,10.05432027,37.04,1.0,0.2605632548680194
2026-03-02,2026,61,LC09_L1TP_013010_20260302_20260302_02_T2,11.95376967,77.82,,0.0
2026-03-03,2026,62,LC08_L1TP_012010_20260303_20260307_02_T1,12.33569519,83.29,,0.0
2026-03-04,2026,63,LC09_L1TP_011010_20260304_20260304_02_T1,12.7210849,14.61,0.05083800703136598,0.983722810504308
2026-03-05,2026,64,LC08_L1TP_010011_20260305_20260313_02_T1,14.34035713,16.3,1.0,0.008317840606145644
2026-03-10,2026,69,LC08_L1TP_013010_20260310_20260314_02_T1,15.06799391,24.51,0.4354427877340917,0.9368751357916519
2026-03-11,2026,70,LC09_L1TP_012010_20260311_20260311_02_T1,15.46197263,0.46,0.36271796964806585,0.9512254194848999
2026-03-12,2026,71,LC08_L1TP_011010_20260312_20260328_02_T1,15.85438476,0.84,0.3394699362939114,0.8828042356310172
2026-03-13,2026,72,LC09_L1TP_010010_20260313_20260313_02_T1,16.24966186,46.19,,0.0
2026-03-18,2026,77,LC09_L1TP_013010_20260318_20260318_02_T2,18.23979034,99.91,,0.0
2026-03-19,2026,78,LC08_L1GT_012010_20260319_20260329_02_T2,18.63446406,100.0,,0.0
2026-03-20,2026,79,LC09_L1TP_011010_20260320_20260320_02_T1,19.03074134,12.07,1.0,0.9753847578545454
2026-03-21,2026,80,LC08_L1TP_010011_20260321_20260329_02_T1,20.67036607,8.25,0.9893281347348112,0.6545136452925494
2026-03-26,2026,85,LC08_L1TP_013010_20260326_20260330_02_T1,21.40770799,22.17,0.9953978770392534,0.9999252032867813
2026-03-27,2026,86,LC09_L1TP_012010_20260327_20260327_02_T1,21.80001265,0.31,0.994012551913775,0.9999750677622604
2026-03-28,2026,87,LC08_L1TP_011010_20260328_20260406_02_T1,22.18992062,8.92,0.9946252453189057,0.999985753007006
2026-03-29,2026,88,LC09_L1TP_010010_20260329_20260329_02_T1,22.58031332,73.18,1.0,0.7414633798853829
2026-04-03,2026,93,LC09_L1TP_013010_20260403_20260403_02_T1,24.52155046,79.79,1.0,0.3456961615039126
2026-04-04,2026,94,LC08_L1TP_012010_20260404_20260415_02_T1,24.90198133,10.67,0.9999785453765286,0.66405234345226
2026-04-05,2026,95,LC09_L1TP_011010_20260405_20260405_02_T1,25.28211563,7.35,0.9956401872154902,0.9999465737762724
2026-04-06,2026,96,LC08_L1TP_010010_20260406_20260416_02_T1,25.65924733,5.6,1.0,0.4177752608090155
2026-04-11,2026,101,LC08_L1TP_013010_20260411_20260423_02_T1,27.52999254,6.69,0.9964773180600672,0.9999679442657634
2026-04-12,2026,102,LC09_L1TP_012010_20260412_20260412_02_T1,27.8957988,7.07,0.9982511317777548,0.999971506014012
2026-04-13,2026,103,LC08_L1TP_011010_20260413_20260423_02_T1,28.25744439,0.8,0.9969867180515535,0.999985753007006
2026-04-14,2026,104,LC09_L1TP_010010_20260414_20260414_02_T1,28.61815633,6.69,0.9999300385371058,0.610921744829232
2026-04-19,2026,109,LC09_L1TP_013010_20260419_20260419_02_T1,30.38777624,16.75,0.9965872374078679,0.9998219125875745
2026-04-20,2026,110,LC08_L1GT_012010_20260420_20260501_02_T2,30.72920181,100.0,,0.0
2026-04-21,2026,111,LC09_L1GT_011010_20260421_20260421_02_T2,31.0693045,100.0,,0.0
2026-04-22,2026,112,LC08_L1GT_010011_20260422_20260501_02_T2,32.67366823,100.0,,0.0
2026-04-27,2026,117,LC08_L1TP_013010_20260427_20260506_02_T1,33.04135792,74.55,,0.0
2026-04-28,2026,118,LC09_L1TP_012010_20260428_20260428_02_T1,33.35597906,77.45,1.0,0.00988385138961608
2026-04-29,2026,119,LC08_L1TP_011010_20260429_20260506_02_T1,33.66544934,21.25,0.8757817898336315,0.8041145315766791
2026-04-30,2026,120,LC09_L1TP_010011_20260430_20260430_02_T1,35.2449248,0.15,1.0,0.4590027360740845
2026-05-05,2026,125,LC09_L1TP_013010_20260505_20260505_02_T1,35.44773393,0.84,0.7035884671230035,0.9959289217519527
2026-05-06,2026,126,LC08_L1TP_012010_20260506_20260515_02_T1,35.72732127,42.95,0.4922017955169259,0.9966056539191697
2026-05-07,2026,127,LC09_L1TP_011010_20260507_20260507_02_T1,36.00334048,19.98,0.4902604401048265,0.9418580215913179
2026-05-08,2026,128,LC08_L1TP_010010_20260508_20260515_02_T1,36.2730382,34.94,0.5510822839465168,0.7506669373595336
2026-05-09,2026,129,LC08_L1TP_081234_20260509_20260515_02_T1,5.02402394,56.93,1.0,1.7808741242551493e-05
2026-05-13,2026,133,LC08_L1TP_013010_20260513_20260520_02_T1,37.56207399,75.9,0.45026274545957407,0.03863428325159121
2026-05-14,2026,134,LC09_L1TP_012010_20260514_20260514_02_T1,37.80346506,8.24,0.11610809378725659,0.48397747550407644
2026-05-15,2026,135,LC08_L1TP_084234_20260515_20260520_02_T2,6.23726374,2.76,,0.0
2026-05-16,2026,136,LC09_L1TP_010010_20260516_20260516_02_T1,38.26896411,13.18,,0.0
2026-05-17,2026,137,LC09_L1TP_081234_20260517_20260518_02_T2,6.87936489,21.23,0.004129740429169104,0.39587050908067717
2026-05-21,2026,141,LC09_L1TP_013010_20260521_20260521_02_T1,39.34343641,67.05,,0.0
2026-05-22,2026,142,LC08_L1TP_012010_20260522_20260529_02_T1,39.53936086,29.52,0.0,0.0414658731091569
2026-05-23,2026,143,LC09_L1TP_011010_20260523_20260523_02_T1,39.73033438,4.37,0.0011414801192212568,0.056165208130758905
2026-05-24,2026,144,LC08_L1TP_083234_20260524_20260529_02_T2,8.11734575,51.59,0.0,0.005207275939322057
2026-05-25,2026,145,LC09_L1GT_082234_20260525_20260525_02_T2,8.27405681,66.0,1.0,0.002667749438134214
2026-05-29,2026,149,LC08_L1TP_013010_20260529_20260604_02_T1,40.75325229,0.07,0.0006986725222078052,0.9991843596510911
2026-05-30,2026,150,LC09_L1TP_012010_20260530_20260530_02_T1,40.89964046,0.18,0.000445740856963542,0.9988281848262401
2026-05-31,2026,151,LC08_L1TP_084233_20260531_20260604_02_T1,7.97525237,8.37,0.0014866530546956596,0.45618395185728877
2026-06-01,2026,152,LC09_L1TP_083234_20260601_20260601_02_T1,9.40700018,13.3,0.0027163516718953246,0.37238790287824874
2026-06-02,2026,153,LC09_L1GT_081234_20260602_20260603_02_T2,9.6777699,79.89,,0.0
2026-06-05,2026,156,LC08_L1TP_014010_20260605_20260613_02_T1,41.65702197,5.01,1.994662283728742e-05,0.8452441968681297
2026-06-06,2026,157,LC09_L1TP_013010_20260606_20260606_02_T1,41.75955276,16.67,0.0007236973447793971,0.9990846307001329
2026-06-07,2026,158,LC08_L1TP_012010_20260607_20260613_02_T1,41.85539109,20.74,0.0010180730489936392,0.7906653701903043
2026-06-08,2026,159,LC09_L1GT_084233_20260608_20260608_02_T2,8.93756551,53.09,0.06153846153846154,0.0008197272620268703
2026-06-09,2026,160,LC08_L1TP_010010_20260609_20260613_02_T2,42.02711833,13.51,1.0,0.08301010467978102
2026-06-10,2026,161,LC08_L1TP_081234_20260610_20260618_02_T1,10.57321833,5.03,0.000506062053186409,0.9994194350354928
2026-06-13,2026,164,LC09_L1TP_014010_20260613_20260613_02_T1,42.29151071,29.27,,0.0
2026-06-14,2026,165,LC08_L1TP_013010_20260614_20260619_02_T1,42.33984237,36.96,0.0003558085749866572,0.02002058690487639
2026-06-15,2026,166,LC09_L1TP_012010_20260615_20260615_02_T1,42.38160963,1.26,0.0007129514765225078,0.9991558656651031
2026-06-16,2026,167,LC08_L1TP_084233_20260616_20260626_02_T1,9.54980293,0.45,0.0014448750866436918,0.4396670873144643
2026-06-17,2026,168,LC09_L1TP_083234_20260617_20260617_02_T1,10.91883992,4.38,0.0023202717502273868,0.575646190175986
2026-06-18,2026,169,LC09_L1TP_081234_20260618_20260619_02_T2,10.98786881,14.35,0.0007833316180086223,0.6229283981749602
2026-06-22,2026,173,LC09_L1TP_013010_20260622_20260622_02_T1,42.48069812,66.79,0.001511443205394191,0.8789824797603656
2026-06-23,2026,174,LC08_L1TP_012010_20260623_20260706_02_T1,42.46729377,72.81,0.0,0.007946260342426476
2026-06-24,2026,175,LC09_L1TP_011010_20260624_20260624_02_T1,42.44679188,1.6,0.0006700586853595859,0.9674349357638703
2026-06-25,2026,176,LC08_L1TP_083234_20260625_20260706_02_T1,11.05818727,17.64,0.0,0.03611968898814294
2026-06-26,2026,177,LC08_L1TP_081234_20260626_20260707_02_T2,11.02115206,39.16,0.0006960739991245255,0.9926806073493113
