date,season,doy,group,s2_ice,s2_share,landsat_id,landsat_cloud,landsat_sun,landsat_ice,landsat_share
2017-03-17,2017,76,"winter, ordinary",0.985674913675674,0.9467979172665323,LC08_L2SP_013010_20170317_02_T1,0.07,17.91299994,0.9982638138462647,0.9888125487514291
2017-04-20,2017,110,"april anchor, control",1.0,0.9467979172665323,LC08_L2SP_011010_20170420_02_T1,0.02,30.7861985,0.9999536969429297,0.999992876503503
2017-05-13,2017,133,"season, ordinary",0.9984283505285305,0.946450421055157,LC08_L2SP_012010_20170513_02_T1,8.2,37.60333357,0.9948304627575391,0.9969653904922692
2017-07-07,2017,188,"july anchor, control",0.002275738347142015,0.9467710959068539,LC08_L2SP_013010_20170707_02_T1,7.85,41.54638111,0.0024602370424957015,0.9279921356598673
2018-03-22,2018,81,"winter, ordinary",1.0,0.6545006677548598,LC08_L2SP_011010_20180322_02_T1,0.03,19.79764793,1.0,1.0
2018-04-05,2018,95,"april anchor, control",0.9966582942011576,0.823955321471848,LC08_L2SP_013010_20180405_02_T1,16.39,25.25886483,0.996563512631943,0.9991380569238605
2018-04-23,2018,113,"season, ordinary",0.9994424557290842,0.9467979172665323,LC08_L2SP_011010_20180423_02_T1,0.0,31.71592572,0.9996687338151534,0.9999287650350298
2018-04-30,2018,120,"season, ordinary",0.9997338976392919,0.9467975981236091,LC08_L2SP_012010_20180430_02_T1,0.36,33.95144875,0.9998860065973681,0.999846844825314
2018-05-16,2018,136,"season, ordinary",0.9969271123726494,0.9467969598262758,LC08_L2SP_012010_20180516_02_T1,0.23,38.25174334,0.9966851065043201,0.9992555946160614
2019-03-09,2019,68,"winter, ordinary",0.9760065891595654,0.9467979172665323,LC08_L2SP_011010_20190309_02_T1,0.64,14.55436246,0.9982509536120898,0.9795057005780717
2019-03-16,2019,75,"winter, ordinary",0.9952365039739482,0.9144502297824406,LC08_L2SP_012010_20190316_02_T1,2.96,17.32422825,0.9981710497174414,0.9970829281844701
2019-05-03,2019,123,"season, ordinary",0.38678168933737306,0.9467758874186095,LC08_L2SP_012010_20190503_02_T1,0.59,34.78227512,0.24359146520718178,0.9813720566602911
2019-05-10,2019,130,"season, ordinary",0.9458609849807894,0.9457457286001798,LC08_L2SP_013010_20190510_02_T1,18.12,36.72859562,0.9399984965797189,0.9476387389986501
2019-05-12,2019,132,"season, ordinary",0.9624988113189605,0.9068465305368197,LC08_L2SP_011010_20190512_02_T1,0.03,37.23838941,0.9316558595005388,0.9420289855072463
2019-05-28,2019,148,"season, ordinary",0.0014391134553938226,0.946766303532307,LC08_L2SP_011010_20190528_02_T1,0.24,40.54843763,0.001429296285973601,0.9967837413315952
2019-06-11,2019,162,"season, ordinary",0.00031962497336458556,0.9030155437298939,LC08_L2SP_013010_20190611_02_T1,0.41,42.15322167,0.00034631035179359904,0.9873451084730429
2019-07-15,2019,196,"july anchor, control",0.0022758082982713692,0.8546361551668248,LC08_L2SP_011010_20190715_02_T1,0.14,40.52823735,0.002043105234207011,0.9971684101424343
2020-03-18,2020,78,"winter, ordinary",1.0,0.9446443996544774,LC08_L2SP_012010_20200318_02_T1,0.71,18.41884487,0.9997862951050894,1.0
2020-04-10,2020,101,"april anchor, control",0.9978015015680932,0.9467979172665323,LC08_L2SP_013010_20200410_02_T1,0.03,27.33030169,0.9996968053990041,0.9985289979733653
2020-05-05,2020,126,"season, ordinary",0.9950998104583865,0.9467704569734362,LC08_L2SP_012010_20200505_02_T1,1.23,35.57474821,0.9987794620326789,0.9950990344100499
2020-05-12,2020,133,"season, ordinary",0.5404721324820025,0.9466086338817552,LC08_L2SP_013010_20200512_02_T1,0.46,37.42850553,0.5256764699479722,0.9816961757509056
2020-05-21,2020,142,"season, ordinary",0.4022378307742568,0.9097089362334454,LC08_L2SP_012010_20200521_02_T1,0.18,39.43295344,0.37184402612370343,0.9271230690872307
2020-06-13,2020,165,"season, ordinary",0.0040990627994187704,0.9467218531111459,LC08_L2SP_013010_20200613_02_T1,6.5,42.31401373,0.00393980968591573,0.9709396960404044
2020-07-01,2020,183,"july anchor, control",0.0003018969189742214,0.7021409392811719,LC08_L2SP_011010_20200701_02_T1,3.47,42.08268226,0.0002108997510629724,0.9457474506786911
2021-03-28,2021,87,"winter, ordinary",0.9937022840307916,0.9467979172665323,LC08_L2SP_013010_20210328_02_T1,1.07,22.27703653,0.9994127315502813,0.9946502541307375
2021-04-29,2021,119,"season, ordinary",0.020110743674536646,0.9462175191777084,LC08_L2SP_013010_20210429_02_T1,3.91,33.73255178,0.007536767572794335,0.9135029437849274
2021-05-15,2021,135,"season, ordinary",0.0024805867126833476,0.9467304931738872,LC08_L2SP_013010_20210515_02_T1,13.14,38.09125964,0.00239654770788176,0.902123158130937
2021-06-09,2021,160,"season, ordinary",0.006940978391795936,0.9018003960871391,LC08_L2SP_012010_20210609_02_T1,1.4,42.04560998,0.006835198944791521,0.9937170760896278
2021-06-18,2021,169,"season, ordinary",0.00412372477231567,0.921435860495828,LC08_L2SP_011010_20210618_02_T1,0.17,42.47082739,0.003979704579342008,0.9961105709126268
2021-07-11,2021,192,"july anchor, control",0.0032402886456734856,0.9467554376211945,LC08_L2SP_012010_20210711_02_T1,1.34,41.04655736,0.003095344473237423,0.9964881162269689
2022-03-08,2022,67,"winter, ordinary",0.8836852965412039,0.943042283189478,LC08_L2SP_012010_20220308_02_T1,6.15,14.2701988,0.33836830382450506,0.9738567678559344
2022-03-17,2022,76,"winter, ordinary",0.9861839423991305,0.8844113636227104,LC08_L2SP_011010_20220317_02_T1,0.28,17.82658149,0.9865751279296342,0.9779314078522302
2022-03-23,2022,82,"winter, ordinary",0.9908258624512941,0.9467979172665323,LC09_L2SP_013010_20220323_02_T1,10.03,20.21074194,0.9940729466993923,0.9969440200027782
2022-04-02,2022,92,"april anchor, control",0.9940890323644505,0.9467461661322669,LC08_L2SP_011010_20220402_02_T1,0.0,24.12246571,0.9769958775640086,0.996181805877597
2022-04-17,2022,107,"april anchor, control",0.9996832134824342,0.9467979172665323,LC09_L2SP_012010_20220417_02_T1,7.32,29.67858595,0.9992591537256019,0.9999964382517514
2022-05-02,2022,122,"season, ordinary",0.9989013235218969,0.9391185415804344,LC08_L2SP_013010_20220502_02_T1,2.25,34.57160608,0.9982424484709662,0.988951456933121
2022-05-11,2022,131,"season, ordinary",0.9996843261048586,0.875521215107127,LC08_L2SP_012010_20220511_02_T1,0.04,37.0586584,0.9999002685625138,0.9999750677622604
2022-05-19,2022,139,"season, ordinary",0.9996730725494656,0.844394567702676,LC09_L2SP_012010_20220519_02_T1,10.78,38.92435766,0.9998820084310339,0.9961533118916088
2022-05-20,2022,140,"season, ordinary",0.9965274917464562,0.9467902567794576,LC08_L2SP_011010_20220520_02_T1,0.18,39.13547161,0.9972369978466409,0.9990418897211507
2022-06-19,2022,170,"season, ordinary",0.0017371127157918761,0.9467653449538421,LC08_L2SP_013010_20220619_02_T1,13.26,42.48318718,0.001761733574425203,0.996712506366625
2022-06-20,2022,171,"season, ordinary",0.0012921523281934385,0.9074351342413036,LC09_L2SP_012010_20220620_02_T1,7.06,42.48772167,0.00122137622673314,0.9973322505618658
2022-07-05,2022,186,"july anchor, control",0.0011817394398823632,0.8954121049245772,LC08_L2SP_013010_20220705_02_T1,1.61,41.78189728,0.0011218557573063992,0.9937348848308704
2022-07-15,2022,196,"july anchor, control",0.0004140927296178128,0.8859899197671202,LC09_L2SP_011010_20220715_02_T1,17.05,40.48424764,0.00045623268596956744,0.9758584703715972
2023-03-26,2023,85,"winter, ordinary",0.99092339665487,0.94438661616795,LC09_L2SP_013010_20230326_02_T1,0.02,21.30103447,0.8281915222941303,0.9779812723277094
2023-03-28,2023,87,"winter, ordinary",0.9897392362248411,0.9440328646793044,LC09_L2SP_011010_20230328_02_T1,0.0,22.08408726,0.8188928257026242,0.9791174700189841
2023-04-05,2023,95,"april anchor, control",0.9959515007724564,0.8652158086633767,LC08_L2SP_011010_20230405_02_T1,10.35,25.17850602,0.99467298862476,0.9975815729392615
2023-04-11,2023,101,"april anchor, outlier",0.5952123445734164,0.8975151631311789,LC09_L2SP_013010_20230411_02_T1,1.42,27.43082739,0.4158234219454905,0.9552964977329472
2023-04-12,2023,102,"april anchor, outlier",0.5207082527729724,0.741949691074507,LC08_L2SP_012010_20230412_02_T1,2.86,27.79529841,0.3756017563349733,0.9425881799822625
2023-04-20,2023,110,"april anchor, control",0.9970013376696654,0.9467666230507905,LC09_L2SP_012010_20230420_02_T1,0.23,30.63662154,0.9980002571098001,0.99741773251983
2023-04-29,2023,119,"season, ordinary",0.8827365761864254,0.474909714145804,LC09_L2SP_011010_20230429_02_T1,0.01,33.58259916,0.8701966146447263,0.9064934232318591
2023-05-22,2023,142,"season, ordinary",0.005629174918332389,0.9465426621983268,LC09_L2SP_012010_20230522_02_T1,3.82,39.48770685,0.005553008120100951,0.986486727145152
2024-03-12,2024,72,"winter, ordinary",0.9923970377385791,0.9123234408189226,LC09_L2SP_013010_20240312_02_T1,0.78,16.05177404,0.9830376694984772,0.9986643444068086
2024-03-21,2024,81,"winter, ordinary",0.9901235723647257,0.8982563203132977,LC09_L2SP_012010_20240321_02_T1,0.29,19.62222163,0.999417923640205,0.9912844020358953
2024-03-22,2024,82,"winter, ordinary",0.9905977165883143,0.9467975981236091,LC08_L2SP_011010_20240322_02_T1,0.01,20.01578353,0.9994435808979527,0.9921855243427684
2024-03-29,2024,89,"winter, ordinary",0.9946399721227864,0.9467979172665323,LC08_L2SP_012010_20240329_02_T1,0.02,22.77103964,0.9995669864763793,0.9952842453189724
2024-03-30,2024,90,"winter, ordinary",0.9997038448662151,0.9317967761093747,LC09_L2SP_011010_20240330_02_T1,0.03,23.16006491,0.9999572587165505,0.999992876503503
2024-04-13,2024,104,"april anchor, control",0.9991396653103997,0.9249026282883519,LC09_L2SP_013010_20240413_02_T1,4.26,28.43834522,0.9990596984623933,1.0
2024-04-14,2024,105,"april anchor, control",0.998579509423433,0.9459401094154909,LC08_L2SP_012010_20240414_02_T1,16.85,28.79592486,0.9998075044737387,0.9991629891616001
2024-04-15,2024,106,"april anchor, control",0.9988777766775588,0.9098307487177023,LC09_L2SP_011010_20240415_02_T1,0.01,29.15295607,0.9997790362416203,0.9993873793012562
2024-06-17,2024,169,"season, ordinary",0.0018743094649339717,0.9126462997419122,LC08_L2SP_012010_20240617_02_T1,12.82,42.4553487,0.001833407300162242,0.9791174700189841
2024-07-12,2024,194,"july anchor, control",0.002716546236165737,0.6567273557308216,LC08_L2SP_011010_20240712_02_T1,0.53,40.86264918,0.001935622350497129,0.9292529945398399
2025-03-24,2025,83,"winter, ordinary",0.9909219638042402,0.9457646396947311,LC09_L2SP_012010_20250324_02_T1,7.75,20.71230197,0.98145675825189,0.9657680375835676
2025-03-31,2025,90,"winter, ordinary",0.9954635308429216,0.9467969598262758,LC09_L2SP_013010_20250331_02_T1,13.21,23.4581257,0.9962713036534808,0.9991665509098486
2025-04-09,2025,99,"april anchor, control",0.9859752959341225,0.9379846364585408,LC09_L2SP_012010_20250409_02_T1,12.46,26.88092319,0.8632286123300035,0.9155972517550515
2025-04-17,2025,107,"april anchor, outlier",0.712831119820016,0.88975991527941,LC08_L2SP_012010_20250417_02_T1,0.08,29.77257791,0.5875877044491402,0.91526600916794
2025-04-18,2025,108,"april anchor, outlier",0.8305093361347385,0.7841568898396291,LC09_L2SP_011010_20250418_02_T1,7.82,30.12102247,0.6497503539757061,0.9081068951884342
2025-05-28,2025,148,"season, ordinary",0.0009827293246430474,0.946762469011303,LC08_L2SP_011010_20250528_02_T1,0.01,40.63690834,0.0009966706200077162,0.9970473107019849
2025-06-03,2025,154,"season, ordinary",0.0010652125669720698,0.9467482261414525,LC09_L2SP_013010_20250603_02_T1,3.26,41.46136228,0.0009885301947797041,0.9980517237080648
2025-06-12,2025,163,"season, ordinary",0.0004246984324190696,0.946773651487145,LC09_L2SP_012010_20250612_02_T1,3.81,42.25050837,0.0004391727841412208,0.9975459554567764
2025-06-19,2025,170,"season, ordinary",0.000760779291587683,0.9467653449538421,LC09_L2SP_013010_20250619_02_T1,8.19,42.48350234,0.0007319860029993573,0.9975032144777943
2025-07-15,2025,196,"july anchor, control",0.011836232692600293,0.946766303532307,LC08_L2SP_011010_20250715_02_T1,0.09,40.44102135,0.012179965200099428,0.9743660978554713
2026-03-20,2026,79,"winter, ordinary",1.0,0.39542558686793317,LC09_L2SP_011010_20260320_02_T1,12.07,19.03074134,0.9992828369685055,0.99825474335823
2026-03-27,2026,86,"winter, ordinary",0.9932396900521437,0.946797278976857,LC09_L2SP_012010_20260327_02_T1,0.31,21.80001265,0.9993875029102567,0.9943866847603477
2026-04-05,2026,95,"april anchor, control",0.9950135590642979,0.9467956831856602,LC09_L2SP_011010_20260405_02_T1,7.35,25.28211563,0.9966941971927422,0.998771196854264
2026-04-11,2026,101,"april anchor, control",0.9960717974061192,0.946797278976857,LC08_L2SP_013010_20260411_02_T1,6.69,27.52999254,0.9975641331987604,0.9986892766445482
2026-04-13,2026,103,"april anchor, control",0.9967242821299136,0.9467956831856602,LC08_L2SP_011010_20260413_02_T1,0.8,28.25744439,0.9970680441752761,0.9997827333568409
2026-04-19,2026,109,"april anchor, control",0.9971604234011536,0.9461185571647027,LC09_L2SP_013010_20260419_02_T1,16.75,30.38777624,0.9967181921193851,0.9995619049654332
2026-05-05,2026,125,"season, ordinary",0.7201719120048011,0.9368927636471364,LC09_L2SP_013010_20260505_02_T1,0.84,35.44773393,0.7060755149610125,0.9382286001260859
2026-05-29,2026,149,"season, ordinary",0.0007291217569932286,0.946762469011303,LC08_L2SP_013010_20260529_02_T1,0.07,40.75325229,0.0006786417164634909,0.9971862188836769
2026-05-30,2026,150,"season, ordinary",0.0005179041658460438,0.8176190277388458,LC09_L2SP_012010_20260530_02_T1,0.18,40.89964046,0.0004278536374872924,0.9739885525411293
2026-06-15,2026,166,"season, ordinary",0.0006656228010675322,0.9467698180246795,LC09_L2SP_012010_20260615_02_T1,1.26,42.38160963,0.0006746337702390131,0.9978308953166573
2026-06-24,2026,175,"season, ordinary",0.0007016917149345513,0.9411976608748904,LC09_L2SP_011010_20260624_02_T1,1.6,42.44679188,0.0006284834731426808,0.9464241828459081
