date,scene_id,acquired_utc,polarisation,relative_orbit,orbit_state,platform,valid_share,water_cells,land_cells,water_median_db,water_p5_db,water_p95_db,land_median_db,land_contrast_db,passes_gates,reject_reason,role,season,target_day,offset_days,spread_db
2016-04-15,S1A_IW_GRDH_1SSH_20160415T204729_20160415T204754_010837_010366_rtc,2016-04-15T20:47:41.841812Z,HH,90,ascending,SENTINEL-1A,1.0,2528997,141891,-19.939,-24.536,-13.284,-10.032,9.906,1,,suspect,2016,2016-04-17,-2,11.252
2016-02-15,S1A_IW_GRDH_1SSH_20160215T204727_20160215T204752_009962_00EA20_rtc,2016-02-15T20:47:40.487735Z,HH,90,ascending,SENTINEL-1A,1.0,2528997,141891,-17.451,-22.029,-12.557,-10.888,6.564,1,,closed_ice,2016,2016-02-20,-5,9.472
2016-02-23,S1A_IW_GRDH_1SSH_20160223T095944_20160223T100009_010072_00ED50_rtc,2016-02-23T09:59:57.224701Z,HH,25,descending,SENTINEL-1A,1.0,2528997,141891,-15.949,-20.022,-11.776,-12.479,3.47,1,,closed_ice,2016,2016-02-20,3,8.246
2016-04-03,S1A_IW_GRDH_1SSH_20160403T204728_20160403T204753_010662_00FE29_rtc,2016-04-03T20:47:41.341375Z,HH,90,ascending,SENTINEL-1A,1.0,2528997,141891,-17.043,-22.293,-12.506,-10.52,6.523,1,,closed_ice,2016,2016-04-01,2,9.787
2016-06-14,S1A_IW_GRDH_1SSH_20160614T204735_20160614T204800_011712_011F37_rtc,2016-06-14T20:47:47.742494Z,HH,90,ascending,SENTINEL-1A,1.0,2528997,141891,-17.774,-21.071,-14.618,-7.792,9.982,1,,open_water,2016,2016-06-18,-4,6.453
2020-04-24,S1B_IW_GRDH_1SDH_20200424T204715_20200424T204740_021291_02869D_rtc,2020-04-24T20:47:27.618391Z,HH,90,ascending,SENTINEL-1B,1.0,2528997,141891,-15.518,-20.333,-10.912,-9.87,5.648,1,,suspect,2020,2020-04-26,-2,9.421
2020-04-25,S1B_IW_GRDH_1SDH_20200425T100728_20200425T100757_021299_0286DE_rtc,2020-04-25T10:07:42.746355Z,HH,98,descending,SENTINEL-1B,1.0,2528997,141891,-15.938,-20.629,-11.692,-11.184,4.754,1,,suspect,2020,2020-04-26,-1,8.937
2020-04-26,S1A_IW_GRDH_1SDH_20200426T095952_20200426T100021_032297_03BCB0_rtc,2020-04-26T10:00:07.407643Z,HH,25,descending,SENTINEL-1A,1.0,2528997,141891,-15.175,-20.619,-11.215,-11.112,4.063,1,,suspect,2020,2020-04-26,0,9.404
2020-02-26,S1A_IW_GRDH_1SDH_20200226T100012_20200226T100037_031422_039E08_rtc,2020-02-26T10:00:24.823945Z,HH,25,descending,SENTINEL-1A,1.0,2528997,141891,-20.03,-23.821,-15.688,-12.59,7.44,1,,closed_ice,2020,2020-03-02,-5,8.133
2020-03-01,S1B_IW_GRDH_1SDH_20200301T101535_20200301T101604_020497_026D70_rtc,2020-03-01T10:15:50.245211Z,HH,171,descending,SENTINEL-1B,1.0,2528997,141891,-19.191,-22.845,-14.704,-11.152,8.039,1,,closed_ice,2020,2020-03-02,-1,8.141
2020-03-01,S1A_IW_GRDH_1SDH_20200301T204755_20200301T204820_031487_03A045_rtc,2020-03-01T20:48:08.136096Z,HH,90,ascending,SENTINEL-1A,1.0,2528997,141891,-18.184,-22.489,-13.631,-10.615,7.569,1,,closed_ice,2020,2020-03-02,-1,8.858
2020-03-03,S1B_IW_GRDH_1SDH_20200303T095920_20200303T095949_020526_026E50_rtc,2020-03-03T09:59:35.207921Z,HH,25,descending,SENTINEL-1B,1.0,2528997,141891,-21.517,-25.237,-17.086,-12.789,8.728,1,,closed_ice,2020,2020-03-02,1,8.151
2020-03-07,S1B_IW_GRDH_1SDH_20200307T204713_20200307T204738_020591_027077_rtc,2020-03-07T20:47:26.366548Z,HH,90,ascending,SENTINEL-1B,1.0,2528997,141891,-19.089,-23.757,-14.093,-11.067,8.023,1,,closed_ice,2020,2020-03-02,5,9.664
2020-03-07,S1B_IW_GRDH_1SDH_20200307T204713_20200307T204738_020591_027077_rtc,2020-03-07T20:47:26.366548Z,HH,90,ascending,SENTINEL-1B,1.0,2528997,141891,-19.089,-23.757,-14.093,-11.067,8.023,1,,closed_ice,2020,2020-03-09,-2,9.664
2020-03-08,S1B_IW_GRDH_1SDH_20200308T100726_20200308T100755_020599_0270BC_rtc,2020-03-08T10:07:41.470150Z,HH,98,descending,SENTINEL-1B,1.0,2528997,141891,-20.549,-24.38,-15.847,-11.887,8.663,1,,closed_ice,2020,2020-03-09,-1,8.533
2020-03-09,S1A_IW_GRDH_1SDH_20200309T095951_20200309T100020_031597_03A41B_rtc,2020-03-09T10:00:06.161638Z,HH,25,descending,SENTINEL-1A,1.0,2528997,141891,-20.8,-24.462,-16.387,-12.278,8.522,1,,closed_ice,2020,2020-03-09,0,8.075
2020-03-13,S1B_IW_GRDH_1SDH_20200313T101535_20200313T101604_020672_0272FD_rtc,2020-03-13T10:15:50.433092Z,HH,171,descending,SENTINEL-1B,1.0,2528997,141891,-19.752,-23.35,-15.303,-11.177,8.575,1,,closed_ice,2020,2020-03-09,4,8.047
2020-03-13,S1A_IW_GRDH_1SDH_20200313T204755_20200313T204820_031662_03A659_rtc,2020-03-13T20:48:08.304687Z,HH,90,ascending,SENTINEL-1A,1.0,2528997,141891,-18.9,-23.086,-14.246,-10.698,8.202,1,,closed_ice,2020,2020-03-09,4,8.84
2020-03-07,S1B_IW_GRDH_1SDH_20200307T204713_20200307T204738_020591_027077_rtc,2020-03-07T20:47:26.366548Z,HH,90,ascending,SENTINEL-1B,1.0,2528997,141891,-19.089,-23.757,-14.093,-11.067,8.023,1,,closed_ice,2020,2020-03-11,-4,9.664
2020-03-08,S1B_IW_GRDH_1SDH_20200308T100726_20200308T100755_020599_0270BC_rtc,2020-03-08T10:07:41.470150Z,HH,98,descending,SENTINEL-1B,1.0,2528997,141891,-20.549,-24.38,-15.847,-11.887,8.663,1,,closed_ice,2020,2020-03-11,-3,8.533
2020-03-09,S1A_IW_GRDH_1SDH_20200309T095951_20200309T100020_031597_03A41B_rtc,2020-03-09T10:00:06.161638Z,HH,25,descending,SENTINEL-1A,1.0,2528997,141891,-20.8,-24.462,-16.387,-12.278,8.522,1,,closed_ice,2020,2020-03-11,-2,8.075
2020-03-13,S1B_IW_GRDH_1SDH_20200313T101535_20200313T101604_020672_0272FD_rtc,2020-03-13T10:15:50.433092Z,HH,171,descending,SENTINEL-1B,1.0,2528997,141891,-19.752,-23.35,-15.303,-11.177,8.575,1,,closed_ice,2020,2020-03-11,2,8.047
2020-03-13,S1A_IW_GRDH_1SDH_20200313T204755_20200313T204820_031662_03A659_rtc,2020-03-13T20:48:08.304687Z,HH,90,ascending,SENTINEL-1A,1.0,2528997,141891,-18.9,-23.086,-14.246,-10.698,8.202,1,,closed_ice,2020,2020-03-11,2,8.84
2020-03-15,S1B_IW_GRDH_1SDH_20200315T095920_20200315T095949_020701_0273DD_rtc,2020-03-15T09:59:35.387394Z,HH,25,descending,SENTINEL-1B,1.0,2528997,141891,-21.931,-25.682,-17.44,-12.821,9.11,1,,closed_ice,2020,2020-03-11,4,8.242
2020-03-13,S1B_IW_GRDH_1SDH_20200313T101535_20200313T101604_020672_0272FD_rtc,2020-03-13T10:15:50.433092Z,HH,171,descending,SENTINEL-1B,1.0,2528997,141891,-19.752,-23.35,-15.303,-11.177,8.575,1,,closed_ice,2020,2020-03-18,-5,8.047
2020-03-13,S1A_IW_GRDH_1SDH_20200313T204755_20200313T204820_031662_03A659_rtc,2020-03-13T20:48:08.304687Z,HH,90,ascending,SENTINEL-1A,1.0,2528997,141891,-18.9,-23.086,-14.246,-10.698,8.202,1,,closed_ice,2020,2020-03-18,-5,8.84
2020-03-15,S1B_IW_GRDH_1SDH_20200315T095920_20200315T095949_020701_0273DD_rtc,2020-03-15T09:59:35.387394Z,HH,25,descending,SENTINEL-1B,1.0,2528997,141891,-21.931,-25.682,-17.44,-12.821,9.11,1,,closed_ice,2020,2020-03-18,-3,8.242
2020-03-19,S1B_IW_GRDH_1SDH_20200319T204714_20200319T204739_020766_027604_rtc,2020-03-19T20:47:26.545689Z,HH,90,ascending,SENTINEL-1B,1.0,2528997,141891,-19.78,-24.021,-15.007,-11.048,8.731,1,,closed_ice,2020,2020-03-18,1,9.014
2020-03-20,S1B_IW_GRDH_1SDH_20200320T100727_20200320T100756_020774_027645_rtc,2020-03-20T10:07:41.646091Z,HH,98,descending,SENTINEL-1B,1.0,2528997,141891,-20.473,-24.345,-15.762,-11.865,8.608,1,,closed_ice,2020,2020-03-18,2,8.583
2020-06-11,S1B_IW_GRDH_1SDH_20200611T204717_20200611T204742_021991_029BCE_rtc,2020-06-11T20:47:30.407608Z,HH,90,ascending,SENTINEL-1B,1.0,2528997,141891,-19.54,-22.877,-16.455,-9.202,10.338,1,,open_water,2020,2020-06-13,-2,6.422
2020-06-12,S1B_IW_GRDH_1SDH_20200612T100730_20200612T100800_021999_029C06_rtc,2020-06-12T10:07:45.515641Z,HH,98,descending,SENTINEL-1B,1.0,2528997,141891,-22.999,-26.547,-19.671,-10.469,12.53,1,,open_water,2020,2020-06-13,-1,6.876
2020-06-13,S1A_IW_GRDH_1SDH_20200613T095955_20200613T100024_032997_03D276_rtc,2020-06-13T10:00:10.198678Z,HH,25,descending,SENTINEL-1A,1.0,2528997,141891,-24.179,-28.152,-19.886,-10.514,13.665,1,,open_water,2020,2020-06-13,0,8.266
2020-06-17,S1B_IW_GRDH_1SDH_20200617T101540_20200617T101609_022072_029E37_rtc,2020-06-17T10:15:54.580595Z,HH,171,descending,SENTINEL-1B,1.0,2528997,141891,-20.367,-24.771,-15.959,-9.971,10.396,1,,open_water,2020,2020-06-13,4,8.812
2020-06-17,S1A_IW_GRDH_1SDH_20200617T204800_20200617T204825_033062_03D477_rtc,2020-06-17T20:48:12.516215Z,HH,90,ascending,SENTINEL-1A,1.0,2528997,141891,-18.865,-22.187,-15.843,-8.874,9.991,1,,open_water,2020,2020-06-13,4,6.344
2021-02-22,S1A_IW_GRDH_1SDH_20210222T210355_20210222T210428_036708_04506D_rtc,2021-02-22T21:04:11.895667Z,HH,61,ascending,SENTINEL-1A,0.0112,19190,10654,-17.246,-20.766,-13.203,-10.882,6.365,0,valid share 0.011 below 0.98,suspect,2021,2021-02-24,-2,7.563
2021-02-24,S1B_IW_GRDH_1SDH_20210224T101541_20210224T101610_025747_0311D2_rtc,2021-02-24T10:15:56.294076Z,HH,171,descending,SENTINEL-1B,1.0,2528997,141891,-18.896,-24.082,-11.991,-11.188,7.708,1,,suspect,2021,2021-02-24,0,12.091
2021-02-24,S1A_IW_GRDH_1SDH_20210224T204801_20210224T204826_036737_04516E_rtc,2021-02-24T20:48:14.067196Z,HH,90,ascending,SENTINEL-1A,1.0,2528997,141891,-19.439,-24.4,-12.375,-10.607,8.831,1,,suspect,2021,2021-02-24,0,12.025
2021-02-26,S1B_IW_GRDH_1SDH_20210226T095936_20210226T100001_025776_0312B8_rtc,2021-02-26T09:59:49.384733Z,HH,25,descending,SENTINEL-1B,1.0,2528997,141891,-22.065,-27.139,-13.883,-12.398,9.666,1,,suspect,2021,2021-02-24,2,13.256
2021-03-10,S1B_IW_GRDH_1SDH_20210310T095926_20210310T095955_025951_031871_rtc,2021-03-10T09:59:41.152656Z,HH,25,descending,SENTINEL-1B,1.0,2528997,141891,-18.653,-23.594,-13.725,-12.57,6.083,1,,suspect,2021,2021-03-12,-2,9.869
2021-03-14,S1B_IW_GRDH_1SDH_20210314T204719_20210314T204744_026016_031AA7_rtc,2021-03-14T20:47:32.180927Z,HH,90,ascending,SENTINEL-1B,1.0,2528997,141891,-21.831,-25.899,-15.085,-10.896,10.935,1,,suspect,2021,2021-03-12,2,10.814
2021-03-14,S1B_IW_GRDH_1SDH_20210314T204719_20210314T204744_026016_031AA7_rtc,2021-03-14T20:47:32.180927Z,HH,90,ascending,SENTINEL-1B,1.0,2528997,141891,-21.831,-25.899,-15.085,-10.896,10.935,1,,suspect,2021,2021-03-14,0,10.814
2021-03-15,S1B_IW_GRDH_1SDH_20210315T100732_20210315T100801_026024_031AE1_rtc,2021-03-15T10:07:47.267637Z,HH,98,descending,SENTINEL-1B,1.0,2528997,141891,-22.171,-26.256,-15.268,-11.718,10.453,1,,suspect,2021,2021-03-14,1,10.988
2021-03-16,S1A_IW_GRDH_1SDH_20210316T095957_20210316T100026_037022_045B64_rtc,2021-03-16T10:00:11.900048Z,HH,25,descending,SENTINEL-1A,1.0,2528997,141891,-20.58,-25.439,-14.509,-12.017,8.563,1,,suspect,2021,2021-03-14,2,10.93
2021-04-27,S1B_IW_GRDH_1SDH_20210427T095928_20210427T095957_026651_032EC8_rtc,2021-04-27T09:59:42.536898Z,HH,25,descending,SENTINEL-1B,1.0,2528997,141891,-21.732,-25.838,-14.283,-11.655,10.077,1,,suspect,2021,2021-04-29,-2,11.555
2021-05-01,S1B_IW_GRDH_1SDH_20210501T204721_20210501T204746_026716_0330FA_rtc,2021-05-01T20:47:33.784111Z,HH,90,ascending,SENTINEL-1B,1.0,2528997,141891,-21.201,-25.837,-12.6,-9.876,11.325,1,,suspect,2021,2021-04-29,2,13.237
2021-05-01,S1B_IW_GRDH_1SDH_20210501T204721_20210501T204746_026716_0330FA_rtc,2021-05-01T20:47:33.784111Z,HH,90,ascending,SENTINEL-1B,1.0,2528997,141891,-21.201,-25.837,-12.6,-9.876,11.325,1,,suspect,2021,2021-05-01,0,13.237
2021-05-02,S1B_IW_GRDH_1SDH_20210502T100734_20210502T100803_026724_033135_rtc,2021-05-02T10:07:48.895261Z,HH,98,descending,SENTINEL-1B,1.0,2528997,141891,-18.672,-22.789,-13.659,-10.837,7.835,1,,suspect,2021,2021-05-01,1,9.13
2021-05-03,S1A_IW_GRDH_1SDH_20210503T095959_20210503T100028_037722_0473A0_rtc,2021-05-03T10:00:13.556882Z,HH,25,descending,SENTINEL-1A,1.0,2528997,141891,-19.703,-24.328,-14.062,-10.709,8.994,1,,suspect,2021,2021-05-01,2,10.266
2021-05-13,S1B_IW_GRDH_1SDH_20210513T204722_20210513T204747_026891_033678_rtc,2021-05-13T20:47:34.553346Z,HH,90,ascending,SENTINEL-1B,1.0,2528997,141891,-19.341,-24.677,-14.292,-9.579,9.762,1,,suspect,2021,2021-05-15,-2,10.385
2021-05-14,S1B_IW_GRDH_1SDH_20210514T100735_20210514T100804_026899_0336AB_rtc,2021-05-14T10:07:49.662693Z,HH,98,descending,SENTINEL-1B,1.0,2528997,141891,-19.694,-24.087,-16.206,-10.281,9.412,1,,suspect,2021,2021-05-15,-1,7.881
2021-05-15,S1A_IW_GRDH_1SDH_20210515T095959_20210515T100028_037897_047900_rtc,2021-05-15T10:00:14.221614Z,HH,25,descending,SENTINEL-1A,1.0,2528997,141891,-25.026,-28.7,-20.98,-10.89,14.136,1,,suspect,2021,2021-05-15,0,7.72
2021-05-25,S1B_IW_GRDH_1SDH_20210525T204722_20210525T204747_027066_033BD2_rtc,2021-05-25T20:47:35.060359Z,HH,90,ascending,SENTINEL-1B,1.0,2528997,141891,-17.887,-21.826,-11.596,-9.376,8.511,1,,suspect,2021,2021-05-26,-1,10.23
2021-05-26,S1B_IW_GRDH_1SDH_20210526T100735_20210526T100804_027074_033C05_rtc,2021-05-26T10:07:50.161094Z,HH,98,descending,SENTINEL-1B,1.0,2528997,141891,-22.533,-27.002,-12.042,-10.7,11.833,1,,suspect,2021,2021-05-26,0,14.96
2021-03-26,S1B_IW_GRDH_1SDH_20210326T204719_20210326T204744_026191_032036_rtc,2021-03-26T20:47:32.472612Z,HH,90,ascending,SENTINEL-1B,1.0,2528997,141891,-15.436,-19.799,-11.721,-10.945,4.49,1,,closed_ice,2021,2021-03-28,-2,8.078
2021-03-27,S1B_IW_GRDH_1SDH_20210327T100733_20210327T100802_026199_032070_rtc,2021-03-27T10:07:47.566423Z,HH,98,descending,SENTINEL-1B,1.0,2528997,141891,-14.22,-19.13,-10.404,-11.713,2.507,1,,closed_ice,2021,2021-03-28,-1,8.726
2021-03-28,S1A_IW_GRDH_1SDH_20210328T095957_20210328T100026_037197_04616E_rtc,2021-03-28T10:00:12.249022Z,HH,25,descending,SENTINEL-1A,1.0,2528997,141891,-15.407,-19.949,-11.688,-12.017,3.39,1,,closed_ice,2021,2021-03-28,0,8.261
2021-04-01,S1B_IW_GRDH_1SDH_20210401T101541_20210401T101611_026272_0322AF_rtc,2021-04-01T10:15:56.484553Z,HH,171,descending,SENTINEL-1B,1.0,2528997,141891,-14.047,-18.71,-10.44,-11.06,2.987,1,,closed_ice,2021,2021-03-28,4,8.27
2021-04-01,S1A_IW_GRDH_1SDH_20210401T204801_20210401T204826_037262_0463AF_rtc,2021-04-01T20:48:14.384963Z,HH,90,ascending,SENTINEL-1A,1.0,2528997,141891,-12.652,-17.45,-8.77,-10.505,2.147,1,,closed_ice,2021,2021-03-28,4,8.68
2021-06-06,S1B_IW_GRDH_1SDH_20210606T204723_20210606T204748_027241_034103_rtc,2021-06-06T20:47:35.931872Z,HH,90,ascending,SENTINEL-1B,1.0,2528997,141891,-24.048,-27.943,-19.323,-9.441,14.607,1,,open_water,2021,2021-06-09,-3,8.62
2021-06-07,S1B_IW_GRDH_1SDH_20210607T100736_20210607T100805_027249_03413B_rtc,2021-06-07T10:07:51.049378Z,HH,98,descending,SENTINEL-1B,1.0,2528997,141891,-23.436,-27.951,-18.444,-10.353,13.083,1,,open_water,2021,2021-06-09,-2,9.507
2021-06-08,S1A_IW_GRDH_1SDH_20210608T100001_20210608T100030_038247_04837B_rtc,2021-06-08T10:00:15.666758Z,HH,25,descending,SENTINEL-1A,1.0,2528997,141891,-23.839,-27.851,-19.202,-10.05,13.789,1,,open_water,2021,2021-06-09,-1,8.649
2021-06-12,S1B_IW_GRDH_1SDH_20210612T101545_20210612T101614_027322_034365_rtc,2021-06-12T10:16:00.276805Z,HH,171,descending,SENTINEL-1B,1.0,2528997,141891,-23.358,-26.5,-19.974,-10.315,13.043,1,,open_water,2021,2021-06-09,3,6.526
2021-06-12,S1A_IW_GRDH_1SDH_20210612T204805_20210612T204830_038312_048574_rtc,2021-06-12T20:48:18.141563Z,HH,90,ascending,SENTINEL-1A,1.0,2528997,141891,-21.316,-25.061,-17.641,-9.156,12.161,1,,open_water,2021,2021-06-09,3,7.42
2021-06-14,S1B_IW_GRDH_1SDH_20210614T095930_20210614T095959_027351_03443D_rtc,2021-06-14T09:59:45.279230Z,HH,25,descending,SENTINEL-1B,1.0,2528997,141891,-24.56,-28.092,-21.051,-10.976,13.584,1,,open_water,2021,2021-06-09,5,7.041
2021-06-14,S1B_IW_GRDH_1SDH_20210614T095930_20210614T095959_027351_03443D_rtc,2021-06-14T09:59:45.279230Z,HH,25,descending,SENTINEL-1B,1.0,2528997,141891,-24.56,-28.092,-21.051,-10.976,13.584,1,,open_water,2021,2021-06-18,-4,7.041
2021-06-18,S1B_IW_GRDH_1SDH_20210618T204724_20210618T204749_027416_034646_rtc,2021-06-18T20:47:36.614836Z,HH,90,ascending,SENTINEL-1B,1.0,2528997,141891,-21.666,-25.324,-18.177,-9.291,12.375,1,,open_water,2021,2021-06-18,0,7.147
2021-06-19,S1B_IW_GRDH_1SDH_20210619T100737_20210619T100806_027424_034678_rtc,2021-06-19T10:07:51.738408Z,HH,98,descending,SENTINEL-1B,1.0,2528997,141891,-23.169,-27.302,-18.696,-10.493,12.676,1,,open_water,2021,2021-06-18,1,8.606
2021-06-20,S1A_IW_GRDH_1SDH_20210620T100001_20210620T100030_038422_0488B1_rtc,2021-06-20T10:00:16.445694Z,HH,25,descending,SENTINEL-1A,1.0,2528997,141891,-24.779,-28.475,-20.922,-10.629,14.149,1,,open_water,2021,2021-06-18,2,7.553
2021-06-18,S1B_IW_GRDH_1SDH_20210618T204724_20210618T204749_027416_034646_rtc,2021-06-18T20:47:36.614836Z,HH,90,ascending,SENTINEL-1B,1.0,2528997,141891,-21.666,-25.324,-18.177,-9.291,12.375,1,,open_water,2021,2021-06-20,-2,7.147
2021-06-19,S1B_IW_GRDH_1SDH_20210619T100737_20210619T100806_027424_034678_rtc,2021-06-19T10:07:51.738408Z,HH,98,descending,SENTINEL-1B,1.0,2528997,141891,-23.169,-27.302,-18.696,-10.493,12.676,1,,open_water,2021,2021-06-20,-1,8.606
2021-06-20,S1A_IW_GRDH_1SDH_20210620T100001_20210620T100030_038422_0488B1_rtc,2021-06-20T10:00:16.445694Z,HH,25,descending,SENTINEL-1A,1.0,2528997,141891,-24.779,-28.475,-20.922,-10.629,14.149,1,,open_water,2021,2021-06-20,0,7.553
2021-06-24,S1B_IW_GRDH_1SDH_20210624T101546_20210624T101615_027497_034856_rtc,2021-06-24T10:16:00.862047Z,HH,171,descending,SENTINEL-1B,1.0,2528997,141891,-15.164,-19.098,-11.25,-9.491,5.673,1,,open_water,2021,2021-06-20,4,7.848
2021-06-24,S1A_IW_GRDH_1SDH_20210624T204806_20210624T204831_038487_048AAE_rtc,2021-06-24T20:48:18.718989Z,HH,90,ascending,SENTINEL-1A,1.0,2528997,141891,-18.261,-21.948,-14.688,-8.906,9.355,1,,open_water,2021,2021-06-20,4,7.26
2023-03-10,S1A_IW_GRDH_1SDH_20230310T204812_20230310T204837_047587_05B6FA_rtc,2023-03-10T20:48:25.424055Z,HH,90,ascending,SENTINEL-1A,1.0,2528997,141891,-16.908,-21.71,-11.02,-10.21,6.697,1,,suspect,2023,2023-03-10,0,10.69
2023-03-10,S1A_IW_GRDH_1SDH_20230310T204812_20230310T204837_047587_05B6FA_rtc,2023-03-10T20:48:25.424055Z,HH,90,ascending,SENTINEL-1A,1.0,2528997,141891,-16.908,-21.71,-11.02,-10.21,6.697,1,,suspect,2023,2023-03-11,-1,10.69
2023-03-10,S1A_IW_GRDH_1SDH_20230310T204812_20230310T204837_047587_05B6FA_rtc,2023-03-10T20:48:25.424055Z,HH,90,ascending,SENTINEL-1A,1.0,2528997,141891,-16.908,-21.71,-11.02,-10.21,6.697,1,,suspect,2023,2023-03-12,-2,10.69
2023-03-18,S1A_IW_GRDH_1SDH_20230318T100029_20230318T100054_047697_05BAC5_rtc,2023-03-18T10:00:42.200549Z,HH,25,descending,SENTINEL-1A,1.0,2528997,141891,-22.04,-26.518,-12.543,-12.081,9.959,1,,suspect,2023,2023-03-19,-1,13.975
2023-05-17,S1A_IW_GRDH_1SDH_20230517T100011_20230517T100040_048572_05D79F_rtc,2023-05-17T10:00:25.784321Z,HH,25,descending,SENTINEL-1A,1.0,2528997,141891,-24.775,-28.297,-20.385,-11.217,13.558,1,,suspect,2023,2023-05-17,0,7.912
2023-03-22,S1A_IW_GRDH_1SDH_20230322T204812_20230322T204837_047762_05BCE8_rtc,2023-03-22T20:48:25.342853Z,HH,90,ascending,SENTINEL-1A,1.0,2528997,141891,-17.183,-22.603,-10.863,-10.545,6.638,1,,closed_ice,2023,2023-03-26,-4,11.74
2023-03-30,S1A_IW_GRDH_1SDH_20230330T100009_20230330T100038_047872_05C09C_rtc,2023-03-30T10:00:23.594962Z,HH,25,descending,SENTINEL-1A,1.0,2528997,141891,-16.983,-21.555,-12.219,-11.983,4.999,1,,closed_ice,2023,2023-03-26,4,9.336
2023-03-22,S1A_IW_GRDH_1SDH_20230322T204812_20230322T204837_047762_05BCE8_rtc,2023-03-22T20:48:25.342853Z,HH,90,ascending,SENTINEL-1A,1.0,2528997,141891,-17.183,-22.603,-10.863,-10.545,6.638,1,,closed_ice,2023,2023-03-27,-5,11.74
2023-03-30,S1A_IW_GRDH_1SDH_20230330T100009_20230330T100038_047872_05C09C_rtc,2023-03-30T10:00:23.594962Z,HH,25,descending,SENTINEL-1A,1.0,2528997,141891,-16.983,-21.555,-12.219,-11.983,4.999,1,,closed_ice,2023,2023-03-27,3,9.336
2023-03-30,S1A_IW_GRDH_1SDH_20230330T100009_20230330T100038_047872_05C09C_rtc,2023-03-30T10:00:23.594962Z,HH,25,descending,SENTINEL-1A,1.0,2528997,141891,-16.983,-21.555,-12.219,-11.983,4.999,1,,closed_ice,2023,2023-03-28,2,9.336
2023-03-30,S1A_IW_GRDH_1SDH_20230330T100009_20230330T100038_047872_05C09C_rtc,2023-03-30T10:00:23.594962Z,HH,25,descending,SENTINEL-1A,1.0,2528997,141891,-16.983,-21.555,-12.219,-11.983,4.999,1,,closed_ice,2023,2023-04-03,-4,9.336
2023-04-03,S1A_IW_GRDH_1SDH_20230403T204813_20230403T204838_047937_05C2C8_rtc,2023-04-03T20:48:25.959616Z,HH,90,ascending,SENTINEL-1A,1.0,2528997,141891,-15.099,-19.126,-11.105,-10.536,4.564,1,,closed_ice,2023,2023-04-03,0,8.021
2023-06-14,S1A_IW_GRDH_1SDH_20230614T204816_20230614T204841_048987_05E418_rtc,2023-06-14T20:48:29.238618Z,HH,90,ascending,SENTINEL-1A,1.0,2528997,141891,-20.991,-25.248,-16.224,-9.223,11.768,1,,open_water,2023,2023-06-18,-4,9.024
2023-06-22,S1A_IW_GRDH_1SDH_20230622T100012_20230622T100041_049097_05E767_rtc,2023-06-22T10:00:27.258199Z,HH,25,descending,SENTINEL-1A,1.0,2528997,141891,-24.138,-27.559,-20.34,-10.76,13.378,1,,open_water,2023,2023-06-18,4,7.219
2024-06-04,S1A_IW_GRDH_1SDH_20240604T100014_20240604T100043_054172_069689_rtc,2024-06-04T10:00:29.347866Z,HH,25,descending,SENTINEL-1A,1.0,2528997,141891,-20.314,-25.165,-8.494,-10.954,9.36,1,,suspect,2024,2024-06-04,0,16.671
2024-06-06,S1A_IW_GRDH_1SDH_20240606T210437_20240606T210502_054208_0697CC_rtc,2024-06-06T21:04:50.378534Z,HH,61,ascending,SENTINEL-1A,0.0281,63427,11508,-18.498,-22.552,-8.112,-9.013,9.485,0,valid share 0.028 below 0.98,suspect,2024,2024-06-04,2,14.44
2024-03-12,S1A_IW_GRDH_1SDH_20240312T100034_20240312T100059_052947_0668CC_rtc,2024-03-12T10:00:47.394950Z,HH,25,descending,SENTINEL-1A,1.0,2528997,141891,-14.512,-20.422,-8.566,-11.71,2.802,1,,closed_ice,2024,2024-03-12,0,11.856
2024-03-14,S1A_IW_GRDH_1SDH_20240314T210437_20240314T210502_052983_0669FC_rtc,2024-03-14T21:04:49.765049Z,HH,61,ascending,SENTINEL-1A,0.0103,16992,10602,-14.947,-18.342,-11.4,-10.539,4.408,0,valid share 0.010 below 0.98,closed_ice,2024,2024-03-12,2,6.942
2024-03-16,S1A_IW_GRDH_1SDH_20240316T204818_20240316T204843_053012_066B11_rtc,2024-03-16T20:48:30.795793Z,HH,90,ascending,SENTINEL-1A,1.0,2528997,141891,-15.412,-19.433,-11.641,-10.479,4.933,1,,closed_ice,2024,2024-03-12,4,7.792
2024-03-12,S1A_IW_GRDH_1SDH_20240312T100034_20240312T100059_052947_0668CC_rtc,2024-03-12T10:00:47.394950Z,HH,25,descending,SENTINEL-1A,1.0,2528997,141891,-14.512,-20.422,-8.566,-11.71,2.802,1,,closed_ice,2024,2024-03-13,-1,11.856
2024-03-14,S1A_IW_GRDH_1SDH_20240314T210437_20240314T210502_052983_0669FC_rtc,2024-03-14T21:04:49.765049Z,HH,61,ascending,SENTINEL-1A,0.0103,16992,10602,-14.947,-18.342,-11.4,-10.539,4.408,0,valid share 0.010 below 0.98,closed_ice,2024,2024-03-13,1,6.942
2024-03-16,S1A_IW_GRDH_1SDH_20240316T204818_20240316T204843_053012_066B11_rtc,2024-03-16T20:48:30.795793Z,HH,90,ascending,SENTINEL-1A,1.0,2528997,141891,-15.412,-19.433,-11.641,-10.479,4.933,1,,closed_ice,2024,2024-03-13,3,7.792
2024-03-16,S1A_IW_GRDH_1SDH_20240316T204818_20240316T204843_053012_066B11_rtc,2024-03-16T20:48:30.795793Z,HH,90,ascending,SENTINEL-1A,1.0,2528997,141891,-15.412,-19.433,-11.641,-10.479,4.933,1,,closed_ice,2024,2024-03-21,-5,7.792
2024-03-24,S1A_IW_GRDH_1SDH_20240324T100014_20240324T100043_053122_066F56_rtc,2024-03-24T10:00:28.753956Z,HH,25,descending,SENTINEL-1A,1.0,2528997,141891,-17.609,-21.737,-13.72,-11.74,5.869,1,,closed_ice,2024,2024-03-21,3,8.017
2024-03-26,S1A_IW_GRDH_1SDH_20240326T210437_20240326T210502_053158_0670B9_rtc,2024-03-26T21:04:49.567202Z,HH,61,ascending,SENTINEL-1A,0.0159,31592,10946,-14.327,-17.916,-11.034,-10.911,3.416,0,valid share 0.016 below 0.98,closed_ice,2024,2024-03-21,5,6.882
2024-03-24,S1A_IW_GRDH_1SDH_20240324T100014_20240324T100043_053122_066F56_rtc,2024-03-24T10:00:28.753956Z,HH,25,descending,SENTINEL-1A,1.0,2528997,141891,-17.609,-21.737,-13.72,-11.74,5.869,1,,closed_ice,2024,2024-03-22,2,8.017
2024-03-26,S1A_IW_GRDH_1SDH_20240326T210437_20240326T210502_053158_0670B9_rtc,2024-03-26T21:04:49.567202Z,HH,61,ascending,SENTINEL-1A,0.0159,31592,10946,-14.327,-17.916,-11.034,-10.911,3.416,0,valid share 0.016 below 0.98,closed_ice,2024,2024-03-22,4,6.882
2024-06-16,S1A_IW_GRDH_1SDH_20240616T100014_20240616T100043_054347_069C97_rtc,2024-06-16T10:00:28.990841Z,HH,25,descending,SENTINEL-1A,1.0,2528997,141891,-24.922,-28.581,-21.029,-10.535,14.387,1,,open_water,2024,2024-06-17,-1,7.552
2024-06-16,S1A_IW_GRDH_1SDH_20240616T100014_20240616T100043_054347_069C97_rtc,2024-06-16T10:00:28.990841Z,HH,25,descending,SENTINEL-1A,1.0,2528997,141891,-24.922,-28.581,-21.029,-10.535,14.387,1,,open_water,2024,2024-06-20,-4,7.552
2024-07-02,S1A_IW_GRDH_1SDH_20240702T204817_20240702T204842_054587_06A4F0_rtc,2024-07-02T20:48:29.936950Z,HH,90,ascending,SENTINEL-1A,1.0,2528997,141891,-18.664,-22.03,-15.496,-9.144,9.52,1,,open_water,2024,2024-06-27,5,6.534
2024-07-02,S1A_IW_GRDH_1SDH_20240702T204817_20240702T204842_054587_06A4F0_rtc,2024-07-02T20:48:29.936950Z,HH,90,ascending,SENTINEL-1A,1.0,2528997,141891,-18.664,-22.03,-15.496,-9.144,9.52,1,,open_water,2024,2024-06-28,4,6.534
2025-02-20,S1A_IW_GRDH_1SDH_20250220T205617_20250220T205642_057985_072821_rtc,2025-02-20T20:56:29.758551Z,HH,163,ascending,SENTINEL-1A,1.0,2528997,141891,-21.94,-25.623,-17.477,-10.898,11.042,1,,suspect,2025,2025-02-19,1,8.146
2025-02-21,S1A_IW_GRDH_1SDH_20250221T101632_20250221T101657_057993_072874_rtc,2025-02-21T10:16:45.356598Z,HH,171,descending,SENTINEL-1A,1.0,2528997,141891,-19.73,-23.121,-15.646,-11.327,8.403,1,,suspect,2025,2025-02-19,2,7.475
2025-02-20,S1A_IW_GRDH_1SDH_20250220T205617_20250220T205642_057985_072821_rtc,2025-02-20T20:56:29.758551Z,HH,163,ascending,SENTINEL-1A,1.0,2528997,141891,-21.94,-25.623,-17.477,-10.898,11.042,1,,suspect,2025,2025-02-20,0,8.146
2025-02-21,S1A_IW_GRDH_1SDH_20250221T101632_20250221T101657_057993_072874_rtc,2025-02-21T10:16:45.356598Z,HH,171,descending,SENTINEL-1A,1.0,2528997,141891,-19.73,-23.121,-15.646,-11.327,8.403,1,,suspect,2025,2025-02-20,1,7.475
2025-02-22,S1A_IW_GRDH_1SDH_20250222T203956_20250222T204021_058014_072951_rtc,2025-02-22T20:40:09.191158Z,HH,17,ascending,SENTINEL-1A,1.0,2528997,141891,-14.713,-19.59,-9.783,-10.417,4.297,1,,suspect,2025,2025-02-20,2,9.807
2025-02-27,S1A_IW_GRDH_1SDH_20250227T204811_20250227T204836_058087_072C47_rtc,2025-02-27T20:48:23.503965Z,HH,90,ascending,SENTINEL-1A,1.0,2528997,141891,-17.508,-23.636,-10.614,-10.83,6.678,1,,suspect,2025,2025-03-01,-2,13.022
2025-05-10,S1C_IW_GRDH_1SDH_20250510T101514_20250510T101543_002267_rtc,2025-05-10T10:15:28.956910Z,HH,171,descending,sentinel-1c,1.0,2528997,141891,-15.629,-20.835,-11.439,-10.919,4.71,1,,suspect,2025,2025-05-12,-2,9.396
2025-05-10,S1A_IW_GRDH_1SDH_20250510T204811_20250510T204836_059137_rtc,2025-05-10T20:48:24.390487Z,HH,90,ascending,sentinel-1a,1.0,2528997,141891,-14.932,-18.867,-11.064,-9.557,5.376,1,,suspect,2025,2025-05-12,-2,7.803
2025-05-12,S1C_IW_GRDH_1SDH_20250512T095859_20250512T095924_002296_rtc,2025-05-12T09:59:12.051324Z,HH,25,descending,sentinel-1c,1.0,2528997,141891,-26.284,-30.086,-16.619,-12.598,13.686,1,,suspect,2025,2025-05-12,0,13.467
2025-05-12,S1C_IW_GRDH_1SDH_20250512T095859_20250512T095924_002296_rtc,2025-05-12T09:59:12.051324Z,HH,25,descending,sentinel-1c,1.0,2528997,141891,-26.284,-30.086,-16.619,-12.598,13.686,1,,suspect,2025,2025-05-13,-1,13.467
2025-05-12,S1C_IW_GRDH_1SDH_20250512T095859_20250512T095924_002296_rtc,2025-05-12T09:59:12.051324Z,HH,25,descending,sentinel-1c,1.0,2528997,141891,-26.284,-30.086,-16.619,-12.598,13.686,1,,suspect,2025,2025-05-14,-2,13.467
2025-03-19,S1A_IW_GRDH_1SDH_20250319T100007_20250319T100036_058372_0737BC_rtc,2025-03-19T10:00:21.753700Z,HH,25,descending,SENTINEL-1A,1.0,2528997,141891,-20.785,-25.063,-15.594,-11.501,9.284,1,,closed_ice,2025,2025-03-23,-4,9.469
2025-03-27,S1C_IW_GRDH_1SDH_20250327T210300_20250327T210324_001632_rtc,2025-03-27T21:03:12.529735Z,HH,61,ascending,sentinel-1c,0.0216,46348,11272,-15.533,-19.049,-11.042,-11.662,3.871,0,valid share 0.022 below 0.98,closed_ice,2025,2025-03-23,4,8.007
2025-03-19,S1A_IW_GRDH_1SDH_20250319T100007_20250319T100036_058372_0737BC_rtc,2025-03-19T10:00:21.753700Z,HH,25,descending,SENTINEL-1A,1.0,2528997,141891,-20.785,-25.063,-15.594,-11.501,9.284,1,,closed_ice,2025,2025-03-24,-5,9.469
2025-03-27,S1C_IW_GRDH_1SDH_20250327T210300_20250327T210324_001632_rtc,2025-03-27T21:03:12.529735Z,HH,61,ascending,sentinel-1c,0.0216,46348,11272,-15.533,-19.049,-11.042,-11.662,3.871,0,valid share 0.022 below 0.98,closed_ice,2025,2025-03-24,3,8.007
2025-03-29,S1C_IW_GRDH_1SDH_20250329T204633_20250329T204658_001661_rtc,2025-03-29T20:46:45.533770Z,HH,90,ascending,sentinel-1c,0.5141,1281256,91897,-15.175,-19.192,-11.402,-11.422,3.753,0,valid share 0.514 below 0.98,closed_ice,2025,2025-03-24,5,7.79
2025-03-29,S1C_IW_GRDH_1SDH_20250329T204658_20250329T204723_001661_rtc,2025-03-29T20:47:10.534206Z,HH,90,ascending,sentinel-1c,0.4859,1247742,49996,-15.694,-19.457,-11.902,-12.831,2.862,0,valid share 0.486 below 0.98,closed_ice,2025,2025-03-24,5,7.555
2025-03-27,S1C_IW_GRDH_1SDH_20250327T210300_20250327T210324_001632_rtc,2025-03-27T21:03:12.529735Z,HH,61,ascending,sentinel-1c,0.0216,46348,11272,-15.533,-19.049,-11.042,-11.662,3.871,0,valid share 0.022 below 0.98,closed_ice,2025,2025-03-31,-4,8.007
2025-03-29,S1C_IW_GRDH_1SDH_20250329T204633_20250329T204658_001661_rtc,2025-03-29T20:46:45.533770Z,HH,90,ascending,sentinel-1c,0.5141,1281256,91897,-15.175,-19.192,-11.402,-11.422,3.753,0,valid share 0.514 below 0.98,closed_ice,2025,2025-03-31,-2,7.79
2025-03-29,S1C_IW_GRDH_1SDH_20250329T204658_20250329T204723_001661_rtc,2025-03-29T20:47:10.534206Z,HH,90,ascending,sentinel-1c,0.4859,1247742,49996,-15.694,-19.457,-11.902,-12.831,2.862,0,valid share 0.486 below 0.98,closed_ice,2025,2025-03-31,-2,7.555
2025-03-30,S1C_IW_GRDH_1SDH_20250330T100706_20250330T100735_001669_rtc,2025-03-30T10:07:20.871824Z,HH,98,descending,sentinel-1c,1.0,2528997,141891,-15.719,-19.518,-12.032,-12.448,3.27,1,,closed_ice,2025,2025-03-31,-1,7.486
2025-03-31,S1A_IW_GRDH_1SDH_20250331T100007_20250331T100036_058547_073EC2_rtc,2025-03-31T10:00:22.215105Z,HH,25,descending,SENTINEL-1A,1.0,2528997,141891,-16.144,-19.738,-12.713,-12.179,3.965,1,,closed_ice,2025,2025-03-31,0,7.025
2025-04-02,S1A_IW_GRDH_1SDH_20250402T210431_20250402T210456_058583_074038_rtc,2025-04-02T21:04:43.532595Z,HH,61,ascending,SENTINEL-1A,0.0115,20049,10673,-16.092,-19.685,-11.69,-11.008,5.084,0,valid share 0.012 below 0.98,closed_ice,2025,2025-03-31,2,7.995
2025-04-04,S1C_IW_GRDH_1SDH_20250404T101512_20250404T101542_001742_rtc,2025-04-04T10:15:27.484800Z,HH,171,descending,sentinel-1c,1.0,2528997,141891,-17.339,-21.061,-13.506,-11.732,5.607,1,,closed_ice,2025,2025-03-31,4,7.555
2025-04-04,S1A_IW_GRDH_1SDH_20250404T204811_20250404T204836_058612_rtc,2025-04-04T20:48:24.345982Z,HH,90,ascending,sentinel-1a,1.0,2528997,141891,-16.738,-20.31,-12.946,-10.495,6.242,1,,closed_ice,2025,2025-03-31,4,7.364
2025-03-29,S1C_IW_GRDH_1SDH_20250329T204633_20250329T204658_001661_rtc,2025-03-29T20:46:45.533770Z,HH,90,ascending,sentinel-1c,0.5141,1281256,91897,-15.175,-19.192,-11.402,-11.422,3.753,0,valid share 0.514 below 0.98,closed_ice,2025,2025-04-02,-4,7.79
2025-03-29,S1C_IW_GRDH_1SDH_20250329T204658_20250329T204723_001661_rtc,2025-03-29T20:47:10.534206Z,HH,90,ascending,sentinel-1c,0.4859,1247742,49996,-15.694,-19.457,-11.902,-12.831,2.862,0,valid share 0.486 below 0.98,closed_ice,2025,2025-04-02,-4,7.555
2025-03-30,S1C_IW_GRDH_1SDH_20250330T100706_20250330T100735_001669_rtc,2025-03-30T10:07:20.871824Z,HH,98,descending,sentinel-1c,1.0,2528997,141891,-15.719,-19.518,-12.032,-12.448,3.27,1,,closed_ice,2025,2025-04-02,-3,7.486
2025-03-31,S1A_IW_GRDH_1SDH_20250331T100007_20250331T100036_058547_073EC2_rtc,2025-03-31T10:00:22.215105Z,HH,25,descending,SENTINEL-1A,1.0,2528997,141891,-16.144,-19.738,-12.713,-12.179,3.965,1,,closed_ice,2025,2025-04-02,-2,7.025
2025-04-02,S1A_IW_GRDH_1SDH_20250402T210431_20250402T210456_058583_074038_rtc,2025-04-02T21:04:43.532595Z,HH,61,ascending,SENTINEL-1A,0.0115,20049,10673,-16.092,-19.685,-11.69,-11.008,5.084,0,valid share 0.012 below 0.98,closed_ice,2025,2025-04-02,0,7.995
2025-04-04,S1C_IW_GRDH_1SDH_20250404T101512_20250404T101542_001742_rtc,2025-04-04T10:15:27.484800Z,HH,171,descending,sentinel-1c,1.0,2528997,141891,-17.339,-21.061,-13.506,-11.732,5.607,1,,closed_ice,2025,2025-04-02,2,7.555
2025-04-04,S1A_IW_GRDH_1SDH_20250404T204811_20250404T204836_058612_rtc,2025-04-04T20:48:24.345982Z,HH,90,ascending,sentinel-1a,1.0,2528997,141891,-16.738,-20.31,-12.946,-10.495,6.242,1,,closed_ice,2025,2025-04-02,2,7.364
2025-04-06,S1C_IW_GRDH_1SDH_20250406T095857_20250406T095922_001771_rtc,2025-04-06T09:59:10.445906Z,HH,25,descending,sentinel-1c,1.0,2528997,141891,-17.324,-20.996,-13.633,-13.065,4.26,1,,closed_ice,2025,2025-04-02,4,7.363
2025-06-07,S1C_IW_GRDH_1SDH_20250607T210305_20250607T210329_002682_rtc,2025-06-07T21:03:17.441688Z,HH,61,ascending,sentinel-1c,0.0145,27907,10836,-21.727,-24.834,-17.099,-9.568,12.159,0,valid share 0.015 below 0.98,open_water,2025,2025-06-12,-5,7.735
2025-06-09,S1C_IW_GRDH_1SDH_20250609T204655_20250609T204720_002711_rtc,2025-06-09T20:47:07.598456Z,HH,90,ascending,sentinel-1c,1.0,2528997,141891,-19.995,-24.308,-15.669,-9.522,10.474,1,,open_water,2025,2025-06-12,-3,8.639
2025-06-10,S1C_IW_GRDH_1SDH_20250610T100711_20250610T100740_002719_rtc,2025-06-10T10:07:25.683878Z,HH,98,descending,sentinel-1c,1.0,2528997,141891,-20.571,-24.588,-16.653,-10.488,10.083,1,,open_water,2025,2025-06-12,-2,7.935
2025-06-11,S1A_IW_GRDH_1SDH_20250611T100006_20250611T100035_059597_rtc,2025-06-11T10:00:20.768260Z,HH,25,descending,sentinel-1a,1.0,2528997,141891,-20.451,-23.839,-17.403,-10.105,10.346,1,,open_water,2025,2025-06-12,-1,6.436
2025-06-13,S1A_IW_GRDH_1SDH_20250613T210429_20250613T210454_059633_07677B_rtc,2025-06-13T21:04:41.794076Z,HH,61,ascending,SENTINEL-1A,0.0288,65394,11508,-20.176,-23.174,-17.194,-8.438,11.737,0,valid share 0.029 below 0.98,open_water,2025,2025-06-12,1,5.98
2025-06-15,S1C_IW_GRDH_1SDH_20250615T101517_20250615T101546_002792_rtc,2025-06-15T10:15:32.091207Z,HH,171,descending,sentinel-1c,1.0,2528997,141891,-24.452,-27.951,-20.161,-10.361,14.09,1,,open_water,2025,2025-06-12,3,7.79
2025-06-15,S1A_IW_GRDH_1SDH_20250615T204810_20250615T204835_059662_rtc,2025-06-15T20:48:22.595406Z,HH,90,ascending,sentinel-1a,1.0,2528997,141891,-22.267,-26.112,-18.326,-9.131,13.136,1,,open_water,2025,2025-06-12,3,7.786
2025-06-17,S1C_IW_GRDH_1SDH_20250617T095902_20250617T095927_002821_rtc,2025-06-17T09:59:15.072844Z,HH,25,descending,sentinel-1c,1.0,2528997,141891,-20.207,-24.27,-16.552,-10.131,10.076,1,,open_water,2025,2025-06-12,5,7.718
2025-06-10,S1C_IW_GRDH_1SDH_20250610T100711_20250610T100740_002719_rtc,2025-06-10T10:07:25.683878Z,HH,98,descending,sentinel-1c,1.0,2528997,141891,-20.571,-24.588,-16.653,-10.488,10.083,1,,open_water,2025,2025-06-15,-5,7.935
2025-06-11,S1A_IW_GRDH_1SDH_20250611T100006_20250611T100035_059597_rtc,2025-06-11T10:00:20.768260Z,HH,25,descending,sentinel-1a,1.0,2528997,141891,-20.451,-23.839,-17.403,-10.105,10.346,1,,open_water,2025,2025-06-15,-4,6.436
2025-06-13,S1A_IW_GRDH_1SDH_20250613T210429_20250613T210454_059633_07677B_rtc,2025-06-13T21:04:41.794076Z,HH,61,ascending,SENTINEL-1A,0.0288,65394,11508,-20.176,-23.174,-17.194,-8.438,11.737,0,valid share 0.029 below 0.98,open_water,2025,2025-06-15,-2,5.98
2025-06-15,S1C_IW_GRDH_1SDH_20250615T101517_20250615T101546_002792_rtc,2025-06-15T10:15:32.091207Z,HH,171,descending,sentinel-1c,1.0,2528997,141891,-24.452,-27.951,-20.161,-10.361,14.09,1,,open_water,2025,2025-06-15,0,7.79
2025-06-15,S1A_IW_GRDH_1SDH_20250615T204810_20250615T204835_059662_rtc,2025-06-15T20:48:22.595406Z,HH,90,ascending,sentinel-1a,1.0,2528997,141891,-22.267,-26.112,-18.326,-9.131,13.136,1,,open_water,2025,2025-06-15,0,7.786
2025-06-17,S1C_IW_GRDH_1SDH_20250617T095902_20250617T095927_002821_rtc,2025-06-17T09:59:15.072844Z,HH,25,descending,sentinel-1c,1.0,2528997,141891,-20.207,-24.27,-16.552,-10.131,10.076,1,,open_water,2025,2025-06-15,2,7.718
2025-06-19,S1C_IW_GRDH_1SDH_20250619T210305_20250619T210330_002857_rtc,2025-06-19T21:03:18.061765Z,HH,61,ascending,sentinel-1c,0.0131,24219,10755,-22.097,-25.128,-18.866,-8.512,13.585,0,valid share 0.013 below 0.98,open_water,2025,2025-06-15,4,6.262
2025-06-15,S1C_IW_GRDH_1SDH_20250615T101517_20250615T101546_002792_rtc,2025-06-15T10:15:32.091207Z,HH,171,descending,sentinel-1c,1.0,2528997,141891,-24.452,-27.951,-20.161,-10.361,14.09,1,,open_water,2025,2025-06-19,-4,7.79
2025-06-15,S1A_IW_GRDH_1SDH_20250615T204810_20250615T204835_059662_rtc,2025-06-15T20:48:22.595406Z,HH,90,ascending,sentinel-1a,1.0,2528997,141891,-22.267,-26.112,-18.326,-9.131,13.136,1,,open_water,2025,2025-06-19,-4,7.786
2025-06-17,S1C_IW_GRDH_1SDH_20250617T095902_20250617T095927_002821_rtc,2025-06-17T09:59:15.072844Z,HH,25,descending,sentinel-1c,1.0,2528997,141891,-20.207,-24.27,-16.552,-10.131,10.076,1,,open_water,2025,2025-06-19,-2,7.718
2025-06-19,S1C_IW_GRDH_1SDH_20250619T210305_20250619T210330_002857_rtc,2025-06-19T21:03:18.061765Z,HH,61,ascending,sentinel-1c,0.0131,24219,10755,-22.097,-25.128,-18.866,-8.512,13.585,0,valid share 0.013 below 0.98,open_water,2025,2025-06-19,0,6.262
2025-06-21,S1C_IW_GRDH_1SDH_20250621T204655_20250621T204720_002886_rtc,2025-06-21T20:47:08.265568Z,HH,90,ascending,sentinel-1c,1.0,2528997,141891,-25.324,-29.368,-21.109,-9.971,15.353,1,,open_water,2025,2025-06-19,2,8.259
2025-06-22,S1C_IW_GRDH_1SDH_20250622T100711_20250622T100741_002894_rtc,2025-06-22T10:07:26.395296Z,HH,98,descending,sentinel-1c,1.0,2528997,141891,-20.182,-24.185,-16.607,-10.377,9.805,1,,open_water,2025,2025-06-19,3,7.578
2025-06-23,S1A_IW_GRDH_1SDH_20250623T100005_20250623T100034_059772_rtc,2025-06-23T10:00:20.167560Z,HH,25,descending,sentinel-1a,1.0,2528997,141891,-25.618,-29.247,-21.98,-10.824,14.795,1,,open_water,2025,2025-06-19,4,7.267
2026-02-12,S1C_IW_GRDH_1SDH_20260212T095918_20260212T095943_006321_00CB59_rtc,2026-02-12T09:59:30.931491Z,HH,25,descending,sentinel-1c,1.0,2528997,141891,-22.195,-27.198,-11.234,-11.925,10.27,1,,suspect,2026,2026-02-14,-2,15.964
2026-02-14,S1C_IW_GRDH_1SDH_20260214T210305_20260214T210330_006357_00CC93_rtc,2026-02-14T21:03:18.279534Z,HH,61,ascending,sentinel-1c,0.0136,25472,10779,-19.952,-23.225,-12.469,-10.751,9.201,0,valid share 0.014 below 0.98,suspect,2026,2026-02-14,0,10.756
2026-02-16,S1C_IW_GRDH_1SDH_20260216T204650_20260216T204715_006386_00CD93_rtc,2026-02-16T20:47:03.099569Z,HH,90,ascending,sentinel-1c,1.0,2528997,141891,-18.432,-24.164,-8.127,-10.524,7.908,1,,suspect,2026,2026-02-14,2,16.037
2026-03-02,S1A_IW_GRDH_1SDH_20260302T100016_20260302T100041_063447_07F888_rtc,2026-03-02T10:00:29.399756Z,HH,25,descending,sentinel-1a,1.0,2528997,141891,-21.898,-26.124,-12.35,-11.896,10.002,1,,suspect,2026,2026-03-04,-2,13.774
2026-03-04,S1A_IW_GRDH_1SDH_20260304T210419_20260304T210444_063483_07F9EE_rtc,2026-03-04T21:04:31.559272Z,HH,61,ascending,sentinel-1a,0.0149,29052,10867,-15.336,-18.918,-11.154,-11.112,4.224,0,valid share 0.015 below 0.98,suspect,2026,2026-03-04,0,7.764
2026-03-06,S1C_IW_GRDH_1SDH_20260306T101517_20260306T101546_006642_00D689_rtc,2026-03-06T10:15:32.328327Z,HH,171,descending,sentinel-1c,1.0,2528997,141891,-21.54,-25.369,-16.547,-11.113,10.427,1,,suspect,2026,2026-03-04,2,8.822
2026-03-06,S1A_IW_GRDH_1SDH_20260306T204800_20260306T204825_063512_07FAFC_rtc,2026-03-06T20:48:12.589876Z,HH,90,ascending,sentinel-1a,1.0,2528997,141891,-20.967,-24.765,-16.651,-10.521,10.446,1,,suspect,2026,2026-03-04,2,8.114
2026-03-10,S1C_IW_GRDH_1SDH_20260310T210305_20260310T210330_006707_00D8AC_rtc,2026-03-10T21:03:18.423442Z,HH,61,ascending,sentinel-1c,0.0103,16813,10602,-19.87,-23.53,-14.633,-10.938,8.932,0,valid share 0.010 below 0.98,suspect,2026,2026-03-10,0,8.897
2026-03-11,S1A_IW_GRDH_1SDH_20260311T205606_20260311T205631_063585_07FDCA_rtc,2026-03-11T20:56:18.960848Z,HH,163,ascending,sentinel-1a,1.0,2528997,141891,-21.046,-25.594,-15.249,-11.044,10.002,1,,suspect,2026,2026-03-10,1,10.345
2026-03-12,S1A_IW_GRDH_1SDH_20260312T101622_20260312T101647_063593_07FE12_rtc,2026-03-12T10:16:34.555996Z,HH,171,descending,sentinel-1a,1.0,2528997,141891,-19.427,-23.159,-14.863,-11.189,8.238,1,,suspect,2026,2026-03-10,2,8.296
2026-03-10,S1C_IW_GRDH_1SDH_20260310T210305_20260310T210330_006707_00D8AC_rtc,2026-03-10T21:03:18.423442Z,HH,61,ascending,sentinel-1c,0.0103,16813,10602,-19.87,-23.53,-14.633,-10.938,8.932,0,valid share 0.010 below 0.98,suspect,2026,2026-03-11,-1,8.897
2026-03-11,S1A_IW_GRDH_1SDH_20260311T205606_20260311T205631_063585_07FDCA_rtc,2026-03-11T20:56:18.960848Z,HH,163,ascending,sentinel-1a,1.0,2528997,141891,-21.046,-25.594,-15.249,-11.044,10.002,1,,suspect,2026,2026-03-11,0,10.345
2026-03-12,S1A_IW_GRDH_1SDH_20260312T101622_20260312T101647_063593_07FE12_rtc,2026-03-12T10:16:34.555996Z,HH,171,descending,sentinel-1a,1.0,2528997,141891,-19.427,-23.159,-14.863,-11.189,8.238,1,,suspect,2026,2026-03-11,1,8.296
2026-03-13,S1C_IW_GRDH_1SDH_20260313T100711_20260313T100741_006744_00D9FB_rtc,2026-03-13T10:07:26.437346Z,HH,98,descending,sentinel-1c,1.0,2528997,141891,-21.68,-26.563,-16.376,-11.584,10.096,1,,suspect,2026,2026-03-11,2,10.187
2026-05-05,S1C_IW_GRDH_1SDH_20260505T101520_20260505T101549_007517_00F43A_rtc,2026-05-05T10:15:34.712685Z,HH,171,descending,sentinel-1c,1.0,2528997,141891,-13.137,-18.806,-9.142,-11.044,2.093,1,,suspect,2026,2026-05-06,-1,9.664
2026-05-05,S1A_IW_GRDH_1SDH_20260505T204759_20260505T204824_064387_081BA0_rtc,2026-05-05T20:48:12.451418Z,HH,90,ascending,sentinel-1a,1.0,2528997,141891,-15.393,-20.963,-9.857,-9.943,5.45,1,,suspect,2026,2026-05-06,-1,11.106
2026-05-07,S1C_IW_GRDH_1SDH_20260507T095905_20260507T095930_007546_00F52A_rtc,2026-05-07T09:59:17.824876Z,HH,25,descending,sentinel-1c,1.0,2528997,141891,-19.293,-28.06,-10.679,-11.949,7.343,1,,suspect,2026,2026-05-06,1,17.381
2026-05-05,S1C_IW_GRDH_1SDH_20260505T101520_20260505T101549_007517_00F43A_rtc,2026-05-05T10:15:34.712685Z,HH,171,descending,sentinel-1c,1.0,2528997,141891,-13.137,-18.806,-9.142,-11.044,2.093,1,,suspect,2026,2026-05-07,-2,9.664
2026-05-05,S1A_IW_GRDH_1SDH_20260505T204759_20260505T204824_064387_081BA0_rtc,2026-05-05T20:48:12.451418Z,HH,90,ascending,sentinel-1a,1.0,2528997,141891,-15.393,-20.963,-9.857,-9.943,5.45,1,,suspect,2026,2026-05-07,-2,11.106
2026-05-07,S1C_IW_GRDH_1SDH_20260507T095905_20260507T095930_007546_00F52A_rtc,2026-05-07T09:59:17.824876Z,HH,25,descending,sentinel-1c,1.0,2528997,141891,-19.293,-28.06,-10.679,-11.949,7.343,1,,suspect,2026,2026-05-07,0,17.381
2026-03-16,S1A_IW_GRDH_1SDH_20260316T210419_20260316T210444_063658_080085_rtc,2026-03-16T21:04:31.706253Z,HH,61,ascending,sentinel-1a,0.015,29186,10878,-18.808,-22.056,-15.202,-10.956,7.851,0,valid share 0.015 below 0.98,closed_ice,2026,2026-03-20,-4,6.854
2026-03-18,S1C_IW_GRDH_1SDH_20260318T101517_20260318T101547_006817_00DC84_rtc,2026-03-18T10:15:32.519870Z,HH,171,descending,sentinel-1c,1.0,2528997,141891,-17.77,-23.02,-12.641,-11.311,6.46,1,,closed_ice,2026,2026-03-20,-2,10.379
2026-03-18,S1A_IW_GRDH_1SDH_20260318T204800_20260318T204825_063687_08018B_rtc,2026-03-18T20:48:12.624291Z,HH,90,ascending,sentinel-1a,1.0,2528997,141891,-18.371,-23.19,-13.069,-11.008,7.363,1,,closed_ice,2026,2026-03-20,-2,10.121
2026-03-20,S1C_IW_GRDH_1SDH_20260320T095903_20260320T095928_006846_00DD76_rtc,2026-03-20T09:59:15.507079Z,HH,25,descending,sentinel-1c,1.0,2528997,141891,-15.057,-20.358,-9.737,-12.432,2.625,1,,closed_ice,2026,2026-03-20,0,10.621
2026-03-22,S1C_IW_GRDH_1SDH_20260322T210306_20260322T210331_006882_00DEAB_rtc,2026-03-22T21:03:18.635010Z,HH,61,ascending,sentinel-1c,0.0118,20949,10682,-17.439,-21.203,-12.88,-11.007,6.432,0,valid share 0.012 below 0.98,closed_ice,2026,2026-03-20,2,8.323
2026-03-23,S1A_IW_GRDH_1SDH_20260323T205606_20260323T205631_063760_08044E_rtc,2026-03-23T20:56:19.000192Z,HH,163,ascending,sentinel-1a,1.0,2528997,141891,-19.187,-22.92,-15.405,-11.142,8.044,1,,closed_ice,2026,2026-03-20,3,7.515
2026-03-24,S1A_IW_GRDH_1SDH_20260324T101622_20260324T101647_063768_080494_rtc,2026-03-24T10:16:34.593933Z,HH,171,descending,sentinel-1a,1.0,2528997,141891,-17.446,-21.273,-13.348,-11.177,6.269,1,,closed_ice,2026,2026-03-20,4,7.925
2026-03-25,S1C_IW_GRDH_1SDH_20260325T100712_20260325T100741_006919_00DFFA_rtc,2026-03-25T10:07:26.727542Z,HH,98,descending,sentinel-1c,1.0,2528997,141891,-18.482,-23.101,-13.867,-11.852,6.63,1,,closed_ice,2026,2026-03-20,5,9.234
2026-03-22,S1C_IW_GRDH_1SDH_20260322T210306_20260322T210331_006882_00DEAB_rtc,2026-03-22T21:03:18.635010Z,HH,61,ascending,sentinel-1c,0.0118,20949,10682,-17.439,-21.203,-12.88,-11.007,6.432,0,valid share 0.012 below 0.98,closed_ice,2026,2026-03-26,-4,8.323
2026-03-23,S1A_IW_GRDH_1SDH_20260323T205606_20260323T205631_063760_08044E_rtc,2026-03-23T20:56:19.000192Z,HH,163,ascending,sentinel-1a,1.0,2528997,141891,-19.187,-22.92,-15.405,-11.142,8.044,1,,closed_ice,2026,2026-03-26,-3,7.515
2026-03-24,S1A_IW_GRDH_1SDH_20260324T101622_20260324T101647_063768_080494_rtc,2026-03-24T10:16:34.593933Z,HH,171,descending,sentinel-1a,1.0,2528997,141891,-17.446,-21.273,-13.348,-11.177,6.269,1,,closed_ice,2026,2026-03-26,-2,7.925
2026-03-25,S1C_IW_GRDH_1SDH_20260325T100712_20260325T100741_006919_00DFFA_rtc,2026-03-25T10:07:26.727542Z,HH,98,descending,sentinel-1c,1.0,2528997,141891,-18.482,-23.101,-13.867,-11.852,6.63,1,,closed_ice,2026,2026-03-26,-1,9.234
2026-03-26,S1A_IW_GRDH_1SDH_20260326T095956_20260326T100025_063797_0805B5_rtc,2026-03-26T10:00:10.703783Z,HH,25,descending,sentinel-1a,1.0,2528997,141891,-18.498,-22.872,-14.027,-12.081,6.416,1,,closed_ice,2026,2026-03-26,0,8.845
2026-03-28,S1A_IW_GRDH_1SDH_20260328T210419_20260328T210444_063833_08070F_rtc,2026-03-28T21:04:31.831378Z,HH,61,ascending,sentinel-1a,0.0148,28731,10867,-17.358,-20.749,-13.571,-11.148,6.21,0,valid share 0.015 below 0.98,closed_ice,2026,2026-03-26,2,7.178
2026-03-30,S1C_IW_GRDH_1SDH_20260330T101518_20260330T101547_006992_00E286_rtc,2026-03-30T10:15:32.957041Z,HH,171,descending,sentinel-1c,1.0,2528997,141891,-14.147,-19.076,-9.332,-11.239,2.907,1,,closed_ice,2026,2026-03-26,4,9.744
2026-03-30,S1A_IW_GRDH_1SDH_20260330T204800_20260330T204825_063862_08080D_rtc,2026-03-30T20:48:12.676482Z,HH,90,ascending,sentinel-1a,1.0,2528997,141891,-15.773,-20.054,-11.431,-10.507,5.266,1,,closed_ice,2026,2026-03-26,4,8.623
2026-03-22,S1C_IW_GRDH_1SDH_20260322T210306_20260322T210331_006882_00DEAB_rtc,2026-03-22T21:03:18.635010Z,HH,61,ascending,sentinel-1c,0.0118,20949,10682,-17.439,-21.203,-12.88,-11.007,6.432,0,valid share 0.012 below 0.98,closed_ice,2026,2026-03-27,-5,8.323
2026-03-23,S1A_IW_GRDH_1SDH_20260323T205606_20260323T205631_063760_08044E_rtc,2026-03-23T20:56:19.000192Z,HH,163,ascending,sentinel-1a,1.0,2528997,141891,-19.187,-22.92,-15.405,-11.142,8.044,1,,closed_ice,2026,2026-03-27,-4,7.515
2026-03-24,S1A_IW_GRDH_1SDH_20260324T101622_20260324T101647_063768_080494_rtc,2026-03-24T10:16:34.593933Z,HH,171,descending,sentinel-1a,1.0,2528997,141891,-17.446,-21.273,-13.348,-11.177,6.269,1,,closed_ice,2026,2026-03-27,-3,7.925
2026-03-25,S1C_IW_GRDH_1SDH_20260325T100712_20260325T100741_006919_00DFFA_rtc,2026-03-25T10:07:26.727542Z,HH,98,descending,sentinel-1c,1.0,2528997,141891,-18.482,-23.101,-13.867,-11.852,6.63,1,,closed_ice,2026,2026-03-27,-2,9.234
2026-03-26,S1A_IW_GRDH_1SDH_20260326T095956_20260326T100025_063797_0805B5_rtc,2026-03-26T10:00:10.703783Z,HH,25,descending,sentinel-1a,1.0,2528997,141891,-18.498,-22.872,-14.027,-12.081,6.416,1,,closed_ice,2026,2026-03-27,-1,8.845
2026-03-28,S1A_IW_GRDH_1SDH_20260328T210419_20260328T210444_063833_08070F_rtc,2026-03-28T21:04:31.831378Z,HH,61,ascending,sentinel-1a,0.0148,28731,10867,-17.358,-20.749,-13.571,-11.148,6.21,0,valid share 0.015 below 0.98,closed_ice,2026,2026-03-27,1,7.178
2026-03-30,S1C_IW_GRDH_1SDH_20260330T101518_20260330T101547_006992_00E286_rtc,2026-03-30T10:15:32.957041Z,HH,171,descending,sentinel-1c,1.0,2528997,141891,-14.147,-19.076,-9.332,-11.239,2.907,1,,closed_ice,2026,2026-03-27,3,9.744
2026-03-30,S1A_IW_GRDH_1SDH_20260330T204800_20260330T204825_063862_08080D_rtc,2026-03-30T20:48:12.676482Z,HH,90,ascending,sentinel-1a,1.0,2528997,141891,-15.773,-20.054,-11.431,-10.507,5.266,1,,closed_ice,2026,2026-03-27,3,8.623
2026-04-01,S1C_IW_GRDH_1SDH_20260401T095903_20260401T095928_007021_00E376_rtc,2026-04-01T09:59:15.873084Z,HH,25,descending,sentinel-1c,1.0,2528997,141891,-15.996,-20.665,-11.626,-12.461,3.534,1,,closed_ice,2026,2026-03-27,5,9.039
2026-03-23,S1A_IW_GRDH_1SDH_20260323T205606_20260323T205631_063760_08044E_rtc,2026-03-23T20:56:19.000192Z,HH,163,ascending,sentinel-1a,1.0,2528997,141891,-19.187,-22.92,-15.405,-11.142,8.044,1,,closed_ice,2026,2026-03-28,-5,7.515
2026-03-24,S1A_IW_GRDH_1SDH_20260324T101622_20260324T101647_063768_080494_rtc,2026-03-24T10:16:34.593933Z,HH,171,descending,sentinel-1a,1.0,2528997,141891,-17.446,-21.273,-13.348,-11.177,6.269,1,,closed_ice,2026,2026-03-28,-4,7.925
2026-03-25,S1C_IW_GRDH_1SDH_20260325T100712_20260325T100741_006919_00DFFA_rtc,2026-03-25T10:07:26.727542Z,HH,98,descending,sentinel-1c,1.0,2528997,141891,-18.482,-23.101,-13.867,-11.852,6.63,1,,closed_ice,2026,2026-03-28,-3,9.234
2026-03-26,S1A_IW_GRDH_1SDH_20260326T095956_20260326T100025_063797_0805B5_rtc,2026-03-26T10:00:10.703783Z,HH,25,descending,sentinel-1a,1.0,2528997,141891,-18.498,-22.872,-14.027,-12.081,6.416,1,,closed_ice,2026,2026-03-28,-2,8.845
2026-03-28,S1A_IW_GRDH_1SDH_20260328T210419_20260328T210444_063833_08070F_rtc,2026-03-28T21:04:31.831378Z,HH,61,ascending,sentinel-1a,0.0148,28731,10867,-17.358,-20.749,-13.571,-11.148,6.21,0,valid share 0.015 below 0.98,closed_ice,2026,2026-03-28,0,7.178
2026-03-30,S1C_IW_GRDH_1SDH_20260330T101518_20260330T101547_006992_00E286_rtc,2026-03-30T10:15:32.957041Z,HH,171,descending,sentinel-1c,1.0,2528997,141891,-14.147,-19.076,-9.332,-11.239,2.907,1,,closed_ice,2026,2026-03-28,2,9.744
2026-03-30,S1A_IW_GRDH_1SDH_20260330T204800_20260330T204825_063862_08080D_rtc,2026-03-30T20:48:12.676482Z,HH,90,ascending,sentinel-1a,1.0,2528997,141891,-15.773,-20.054,-11.431,-10.507,5.266,1,,closed_ice,2026,2026-03-28,2,8.623
2026-04-01,S1C_IW_GRDH_1SDH_20260401T095903_20260401T095928_007021_00E376_rtc,2026-04-01T09:59:15.873084Z,HH,25,descending,sentinel-1c,1.0,2528997,141891,-15.996,-20.665,-11.626,-12.461,3.534,1,,closed_ice,2026,2026-03-28,4,9.039
2026-06-05,S1C_IW_GRDH_1SDH_20260605T100715_20260605T100745_007969_01034B_rtc,2026-06-05T10:07:30.464345Z,HH,98,descending,sentinel-1c,1.0,2528997,141891,-26.397,-30.063,-22.756,-10.545,15.852,1,,open_water,2026,2026-06-10,-5,7.307
2026-06-10,S1A_IW_GRDH_1SDH_20260610T204747_20260610T204812_064912_082E0E_rtc,2026-06-10T20:47:59.973995Z,HH,90,ascending,sentinel-1a,1.0,2528997,141891,-21.88,-25.363,-18.687,-8.871,13.009,1,,open_water,2026,2026-06-10,0,6.676
2026-06-11,S1D_IW_GRDH_1SDH_20260611T101532_20260611T101601_003187_0058D7_rtc,2026-06-11T10:15:46.971095Z,HH,171,descending,sentinel-1d,1.0,2528997,141891,-23.248,-27.194,-18.535,-10.01,13.239,1,,open_water,2026,2026-06-10,1,8.659
2026-06-13,S1D_IW_GRDH_1SDH_20260613T095917_20260613T095942_003216_0059BF_rtc,2026-06-13T09:59:30.123387Z,HH,25,descending,sentinel-1d,1.0,2528997,141891,-27.362,-31.285,-23.331,-10.974,16.388,1,,open_water,2026,2026-06-10,3,7.954
2026-06-15,S1D_IW_GRDH_1SDH_20260615T210320_20260615T210345_003252_005AED_rtc,2026-06-15T21:03:33.153380Z,HH,61,ascending,sentinel-1d,0.0154,30271,10906,-21.705,-24.787,-18.538,-8.144,13.561,0,valid share 0.015 below 0.98,open_water,2026,2026-06-10,5,6.249
2026-06-10,S1A_IW_GRDH_1SDH_20260610T204747_20260610T204812_064912_082E0E_rtc,2026-06-10T20:47:59.973995Z,HH,90,ascending,sentinel-1a,1.0,2528997,141891,-21.88,-25.363,-18.687,-8.871,13.009,1,,open_water,2026,2026-06-15,-5,6.676
2026-06-11,S1D_IW_GRDH_1SDH_20260611T101532_20260611T101601_003187_0058D7_rtc,2026-06-11T10:15:46.971095Z,HH,171,descending,sentinel-1d,1.0,2528997,141891,-23.248,-27.194,-18.535,-10.01,13.239,1,,open_water,2026,2026-06-15,-4,8.659
2026-06-13,S1D_IW_GRDH_1SDH_20260613T095917_20260613T095942_003216_0059BF_rtc,2026-06-13T09:59:30.123387Z,HH,25,descending,sentinel-1d,1.0,2528997,141891,-27.362,-31.285,-23.331,-10.974,16.388,1,,open_water,2026,2026-06-15,-2,7.954
2026-06-15,S1D_IW_GRDH_1SDH_20260615T210320_20260615T210345_003252_005AED_rtc,2026-06-15T21:03:33.153380Z,HH,61,ascending,sentinel-1d,0.0154,30271,10906,-21.705,-24.787,-18.538,-8.144,13.561,0,valid share 0.015 below 0.98,open_water,2026,2026-06-15,0,6.249
2026-06-17,S1D_IW_GRDH_1SDH_20260617T204705_20260617T204730_003281_005BD8_rtc,2026-06-17T20:47:18.232627Z,HH,90,ascending,sentinel-1d,1.0,2528997,141891,-22.315,-26.21,-18.495,-9.34,12.975,1,,open_water,2026,2026-06-15,2,7.715
2026-06-18,S1A_IW_GRDH_1SDH_20260618T095953_20260618T100022_065022_0831F1_rtc,2026-06-18T10:00:08.422540Z,HH,25,descending,sentinel-1a,1.0,2528997,141891,-21.413,-25.266,-17.529,-10.115,11.298,1,,open_water,2026,2026-06-15,3,7.737
2026-06-18,S1D_IW_GRDH_1SDH_20260618T100726_20260618T100756_003289_005C27_rtc,2026-06-18T10:07:41.359973Z,HH,98,descending,sentinel-1d,1.0,2528997,141891,-20.186,-24.181,-16.102,-10.539,9.648,1,,open_water,2026,2026-06-15,3,8.079
2026-06-20,S1A_IW_GRDH_1SDH_20260620T210408_20260620T210437_065058_08333C_rtc,2026-06-20T21:04:22.922866Z,HH,61,ascending,sentinel-1a,0.0251,55686,11434,-15.529,-18.743,-12.469,-8.458,7.071,0,valid share 0.025 below 0.98,open_water,2026,2026-06-15,5,6.274
2026-06-20,S1A_IW_GRDH_1SDH_20260620T210408_20260620T210437_065058_08333C_rtc,2026-06-20T21:04:22.922866Z,HH,61,ascending,sentinel-1a,0.0251,55686,11434,-15.529,-18.743,-12.469,-8.458,7.071,0,valid share 0.025 below 0.98,open_water,2026,2026-06-24,-4,6.274
2026-06-22,S1A_IW_GRDH_1SDH_20260622T204746_20260622T204811_065087_083434_rtc,2026-06-22T20:47:59.348085Z,HH,90,ascending,sentinel-1a,1.0,2528997,141891,-19.108,-22.461,-15.943,-9.135,9.973,1,,open_water,2026,2026-06-24,-2,6.518
2026-06-23,S1D_IW_GRDH_1SDH_20260623T101533_20260623T101602_003362_005E8B_rtc,2026-06-23T10:15:47.949621Z,HH,171,descending,sentinel-1d,1.0,2528997,141891,-20.729,-24.545,-17.218,-10.224,10.505,1,,open_water,2026,2026-06-24,-1,7.327
2026-06-25,S1D_IW_GRDH_1SDH_20260625T095912_20260625T095942_003391_005F6E_rtc,2026-06-25T09:59:27.480990Z,HH,25,descending,sentinel-1d,1.0,2528997,141891,-26.367,-30.302,-22.631,-11.207,15.16,1,,open_water,2026,2026-06-24,1,7.671
2026-06-27,S1D_IW_GRDH_1SDH_20260627T210336_20260627T210401_003427_0060A8_rtc,2026-06-27T21:03:48.923465Z,HH,61,ascending,sentinel-1d,0.0144,27703,10842,-18.445,-21.591,-14.967,-9.0,9.445,0,valid share 0.014 below 0.98,open_water,2026,2026-06-24,3,6.624
2026-06-29,S1C_IW_GRDH_1SDH_20260629T101520_20260629T101549_008319_01075F_rtc,2026-06-29T10:15:35.116931Z,HH,171,descending,sentinel-1c,1.0,2528997,141891,-23.426,-27.063,-18.697,-10.328,13.097,1,,open_water,2026,2026-06-24,5,8.366
2026-06-29,S1D_IW_GRDH_1SDH_20260629T204706_20260629T204731_003456_0061A0_rtc,2026-06-29T20:47:19.059294Z,HH,90,ascending,sentinel-1d,1.0,2528997,141891,-20.761,-24.62,-17.107,-9.554,11.207,1,,open_water,2026,2026-06-24,5,7.513
2026-06-22,S1A_IW_GRDH_1SDH_20260622T204746_20260622T204811_065087_083434_rtc,2026-06-22T20:47:59.348085Z,HH,90,ascending,sentinel-1a,1.0,2528997,141891,-19.108,-22.461,-15.943,-9.135,9.973,1,,open_water,2026,2026-06-26,-4,6.518
2026-06-23,S1D_IW_GRDH_1SDH_20260623T101533_20260623T101602_003362_005E8B_rtc,2026-06-23T10:15:47.949621Z,HH,171,descending,sentinel-1d,1.0,2528997,141891,-20.729,-24.545,-17.218,-10.224,10.505,1,,open_water,2026,2026-06-26,-3,7.327
2026-06-25,S1D_IW_GRDH_1SDH_20260625T095912_20260625T095942_003391_005F6E_rtc,2026-06-25T09:59:27.480990Z,HH,25,descending,sentinel-1d,1.0,2528997,141891,-26.367,-30.302,-22.631,-11.207,15.16,1,,open_water,2026,2026-06-26,-1,7.671
2026-06-27,S1D_IW_GRDH_1SDH_20260627T210336_20260627T210401_003427_0060A8_rtc,2026-06-27T21:03:48.923465Z,HH,61,ascending,sentinel-1d,0.0144,27703,10842,-18.445,-21.591,-14.967,-9.0,9.445,0,valid share 0.014 below 0.98,open_water,2026,2026-06-26,1,6.624
2026-06-29,S1C_IW_GRDH_1SDH_20260629T101520_20260629T101549_008319_01075F_rtc,2026-06-29T10:15:35.116931Z,HH,171,descending,sentinel-1c,1.0,2528997,141891,-23.426,-27.063,-18.697,-10.328,13.097,1,,open_water,2026,2026-06-26,3,8.366
2026-06-29,S1D_IW_GRDH_1SDH_20260629T204706_20260629T204731_003456_0061A0_rtc,2026-06-29T20:47:19.059294Z,HH,90,ascending,sentinel-1d,1.0,2528997,141891,-20.761,-24.62,-17.107,-9.554,11.207,1,,open_water,2026,2026-06-26,3,7.513
2026-06-30,S1D_IW_GRDH_1SDH_20260630T100727_20260630T100756_003464_0061E6_rtc,2026-06-30T10:07:42.114428Z,HH,98,descending,sentinel-1d,1.0,2528997,141891,-21.944,-25.915,-18.191,-10.686,11.258,1,,open_water,2026,2026-06-26,4,7.724
2026-07-01,S1C_IW_GRDH_1SDH_20260701T095905_20260701T095930_008348_01084D_rtc,2026-07-01T09:59:18.153945Z,HH,25,descending,sentinel-1c,1.0,2528997,141891,-24.305,-28.001,-20.505,-10.626,13.679,1,,open_water,2026,2026-06-26,5,7.496
