day,season,doy,scene,sun_elevation,scene_cloud,landsat_ice,landsat_share,kelvin,thermal_cells,frozen_share,celsius,thermal_minus_optical,below_freezing,chain_says_open,contradicted
2013-03-22,2013,81,LC08_L1TP_011010_20130322_20200912_02_T1,19.89537121,0.02,0.0523696826263729,0.9977988395824208,265.51558525663734,280761,1.0,-7.63441474336264,0.9476303173736271,True,True,True
2013-03-30,2013,89,LC08_L1TP_013010_20130330_20200913_02_T1,23.04425377,0.81,0.0979316604606951,0.996712506366625,263.6783578399926,280544,1.0,-9.471642160007377,0.9020683395393049,True,True,True
2013-04-04,2013,94,LC08_L1TP_012010_20130404_20200912_02_T1,24.97195933,23.92,0.1513077733168955,0.9909531594487838,265.8142214378838,280052,0.999871452444546,-7.335778562116161,0.8485636791276505,True,True,True
2013-04-09,2013,99,LC08_L1TP_012010_20130409_20200913_02_T1,26.8569425,0.15,0.1478277571610808,0.9828145647009378,267.6973463648548,280710,0.9997506323251755,-5.452653635145168,0.8519228751640947,True,True,True
2013-04-23,2013,113,LC08_L1TP_013010_20130423_20200912_02_T1,31.79947782,3.25,0.8265636252243731,0.994123115389958,259.98934591700316,280761,1.0,-13.160654082996814,0.1734363747756269,True,False,False
2013-05-29,2013,149,LC08_L1TP_082234_20130529_20200912_02_T2,8.84534621,4.14,0.0007392416551693,0.9732583941501848,272.7124902816517,273546,0.0006653359946773121,-0.4375097183482808,-7.39056604919879e-05,False,True,False
2013-06-12,2013,163,LC08_L1TP_011010_20130612_20200912_02_T1,42.25153298,0.04,0.0008126719799255,0.9992698416090554,278.302700176655,280761,0.0,5.152700176655003,-0.0008126719799255,False,True,False
2014-03-02,2014,61,LC08_L1TP_012010_20140302_20200911_02_T1,11.92377551,1.93,0.3430052010897521,0.9347630190802854,264.5968691751896,280761,1.0,-8.553130824810353,0.6569947989102479,True,True,True
2014-03-11,2014,70,LC08_L1TP_011010_20140311_20200911_02_T1,15.43071494,8.89,0.4243749623924424,0.9470831062718824,266.0824513977185,279439,1.0,-7.067548602281477,0.5756250376075576,True,True,True
2014-03-18,2014,77,LC08_L1TP_012010_20140318_20200911_02_T1,18.20512751,1.83,0.4506313773439951,0.9874982636477287,262.84150038160203,280761,1.0,-10.308499618397946,0.5493686226560048,True,True,True
2014-03-25,2014,84,LC08_L1TP_013010_20140325_20200911_02_T1,20.98004925,5.05,0.8904387650432697,0.9861341140685494,258.8269120379949,280693,1.0,-14.323087962005104,0.10956123495673031,True,False,False
2014-03-27,2014,86,LC08_L1TP_011010_20140327_20200911_02_T1,21.76425594,6.47,0.8209204114780726,0.9867823522497784,260.059484497503,280761,1.0,-13.090515502496999,0.1790795885219274,True,False,False
2014-04-03,2014,93,LC08_L1TP_012010_20140403_20200911_02_T1,24.48700406,0.2,0.996741000352613,1.0,256.21615906084077,280761,1.0,-16.93384093915921,0.003258999647386962,True,False,False
2014-04-10,2014,100,LC08_L1TP_013010_20140410_20200911_02_T1,27.12956713,32.92,0.999996278003372,0.9569455871720076,260.893082769481,268673,1.0,-12.25691723051898,3.7219966280144234e-06,True,False,False
2014-04-12,2014,102,LC08_L1TP_011010_20140412_20200911_02_T1,27.86168167,10.97,0.9999205058717254,0.9857138277752252,264.6898437512908,279818,1.0,-8.460156248709154,7.949412827457092e-05,True,False,False
2014-04-19,2014,109,LC08_L1TP_012010_20140419_20200911_02_T1,30.35312011,2.05,0.9994158628844976,0.9999821912587574,260.8653146298395,280761,1.0,-12.284685370160503,0.0005841371155024255,True,False,False
2014-04-28,2014,118,LC08_L1TP_011010_20140428_20200911_02_T1,33.32389782,7.74,1.0,0.9645321109413344,260.36389779677563,278292,1.0,-12.786102203224345,0.0,True,False,False
2014-05-05,2014,125,LC08_L1TP_012010_20140505_20200911_02_T1,35.4191611,15.66,0.9998860228381738,0.9999893147552544,262.2357360405896,280761,1.0,-10.914263959410391,0.00011397716182615092,True,False,False
2014-05-12,2014,132,LC08_L1TP_013010_20140512_20200911_02_T1,37.29044043,44.73,0.999547540329476,0.9997399923778588,269.32442136398276,280761,0.9965985304226727,-3.8255786360172124,-0.002949009906803357,True,False,False
2014-05-28,2014,148,LC08_L1TP_013010_20140528_20200911_02_T1,40.5825616,10.25,0.9272002484579488,0.9059983402253162,266.71055700300184,280761,0.9973001948276292,-6.439442996998139,0.07009994636968042,True,False,False
2014-05-30,2014,150,LC08_L1TP_011010_20140530_20200911_02_T1,40.88539334,5.9,0.7368542212783021,0.9592714087782848,271.4042209083206,280761,0.450101687912495,-1.745779091679367,-0.28675253336580714,False,False,False
2015-02-24,2015,55,LC08_L1TP_013010_20150224_20200909_02_T1,9.56205055,3.31,0.6414643235325588,0.965351313038492,253.24256444191997,280490,1.0,-19.90743555808001,0.3585356764674412,True,False,False
2015-02-26,2015,57,LC08_L1TP_011010_20150226_20200909_02_T1,10.30489265,7.97,0.7095057515323154,0.9570809336054508,253.51692101340004,280761,1.0,-19.63307898659994,0.29049424846768457,True,False,False
2015-03-12,2015,71,LC08_L1TP_013010_20150312_20200910_02_T1,15.72590806,2.22,0.9937013907787502,0.994682309864974,251.45063633928774,279342,1.0,-21.699363660712237,0.006298609221249807,True,False,False
2015-03-28,2015,87,LC08_L1TP_013010_20150328_20200909_02_T1,22.06099761,3.77,0.8736086623568592,0.999978629510509,257.73791671052925,280761,1.0,-15.41208328947073,0.1263913376431408,True,False,False
2015-03-30,2015,89,LC08_L1TP_011010_20150330_20200909_02_T1,22.83976617,0.01,0.8510119179067795,0.9999750677622604,257.3293662329264,280761,1.0,-15.82063376707356,0.14898808209322045,True,False,False
2015-04-15,2015,105,LC08_L1TP_011010_20150415_20200909_02_T2,28.85597703,60.53,1.0,0.9208900096523378,249.9629566251521,258550,1.0,-23.18704337484789,0.0,True,False,False
2015-05-01,2015,121,LC08_L1TP_011010_20150501_20201015_02_T1,34.17187251,1.2,0.9998504060407466,0.9999964382517514,260.46512105701237,280761,1.0,-12.68487894298761,0.00014959395925340235,True,False,False
2015-05-24,2015,144,LC08_L1TP_012010_20150524_20200909_02_T1,39.85251869,1.99,0.999451416520912,0.9998646535665566,270.22380025089615,280761,0.991701126580971,-2.92619974910383,-0.00775028993994098,True,False,False
2015-06-02,2015,153,LC08_L1TP_011010_20150602_20201015_02_T1,41.26178108,0.11,0.9461331734017596,0.9383283290770442,271.68393100933616,280761,0.00011753769220083986,-1.466068990663814,-0.9460156357095588,False,False,False
2016-02-20,2016,51,LC08_L1TP_012010_20160220_20200907_02_T1,8.01404341,24.36,0.9931273184316992,0.9323267832783044,247.57767423020184,261921,1.0,-25.57232576979814,0.006872681568300787,True,False,False
2016-02-29,2016,60,LC08_L1TP_011010_20160229_20200907_02_T1,11.34917309,1.28,0.883529454230436,0.9867467347672932,265.7421172023269,280761,1.0,-7.407882797673096,0.11647054576956395,True,False,False
2016-03-07,2016,67,LC08_L1TP_012010_20160307_20200907_02_T1,14.05793268,9.77,0.8006267895866627,0.9739849907928808,257.4126903853149,280680,1.0,-15.737309614685103,0.19937321041333733,True,False,False
2016-04-01,2016,92,LC08_L1TP_011010_20160401_20200907_02_T1,23.91135075,52.81,1.0,0.9612161233219714,254.79958533374975,276124,1.0,-18.35041466625023,0.0,True,False,False
2016-04-17,2016,108,LC08_L1TP_011010_20160417_20200907_02_T1,29.8348546,0.76,0.187430795313867,0.9810871168004104,269.673322179411,280761,1.0,-3.476677820588975,0.812569204686133,True,True,True
2016-05-17,2016,138,LC08_L1TP_013010_20160517_20200907_02_T1,38.58967221,17.8,0.0113116088298669,0.993432136229747,273.9877078951106,280761,0.0,0.8377078951106114,-0.0113116088298669,False,True,False
2016-06-02,2016,154,LC08_L1TP_013010_20160602_20200906_02_T1,41.35887893,22.96,0.006977507798391,0.9979519947571066,273.9248052967391,280760,0.0,0.7748052967391459,-0.006977507798391,False,True,False
2016-06-18,2016,170,LC08_L1TP_013010_20160618_20200906_02_T1,42.47144507,28.75,0.0038082275090137,0.983911583161479,276.77037012845824,277453,0.0,3.620370128458262,-0.0038082275090137,False,True,False
2016-06-20,2016,172,LC08_L1TP_011010_20160620_20200906_02_T1,42.48737612,0.09,0.0029230385342031,0.999177236154594,279.2827804328322,280761,0.0,6.132780432832249,-0.0029230385342031,False,True,False
2017-02-15,2017,46,LC08_L1TP_011010_20170215_20200905_02_T1,6.51466558,40.11,1.0,0.96286877450928,247.40872351549956,276440,1.0,-25.741276484500418,0.0,True,False,False
2017-03-01,2017,60,LC08_L1TP_013010_20170301_20200905_02_T1,11.64057422,8.12,0.9632531815542869,0.999992876503503,259.2386468589923,280761,1.0,-13.91135314100768,0.03674681844571315,True,False,False
2017-03-03,2017,62,LC08_L1TP_011010_20170303_20200905_02_T1,12.40551801,39.47,0.9696367379797246,0.9999038327972902,258.13723669668286,280761,1.0,-15.012763303317115,0.030363262020275394,True,False,False
2017-03-10,2017,69,LC08_L1TP_012010_20170310_20200904_02_T1,15.13977467,0.23,0.9798405049134316,1.0,261.1148958963153,280761,1.0,-12.03510410368466,0.020159495086568446,True,False,False
2017-03-17,2017,76,LC08_L1TP_013010_20170317_20200904_02_T1,17.91299994,0.07,0.9874626461652436,1.0,247.96355778405686,280761,1.0,-25.186442215943117,0.012537353834756404,True,False,False
2017-03-26,2017,85,LC08_L1TP_012010_20170326_20200904_02_T1,21.47569107,0.01,0.9936244479270552,0.9999964382517514,252.87139948802997,280761,1.0,-20.278600511970012,0.006375552072944823,True,False,False
2017-04-02,2017,92,LC08_L1TP_013010_20170402_20200904_02_T1,24.20540128,0.02,0.9962708363014674,0.9999964382517514,250.9684808419263,280761,1.0,-22.181519158073684,0.0037291636985326004,True,False,False
2017-04-04,2017,94,LC08_L1TP_011010_20170404_20200904_02_T1,24.96901215,100.0,0.9972182746179136,1.0,251.76259844780859,280761,1.0,-21.387401552191392,0.0027817253820864307,True,False,False
2017-04-11,2017,101,LC08_L1TP_012010_20170411_20200904_02_T1,27.59388796,0.02,0.9985895225747624,0.9999821912587574,263.26770346097527,280761,1.0,-9.882296539024708,0.0014104774252375885,True,False,False
2017-04-20,2017,110,LC08_L1TP_011010_20170420_20200904_02_T1,30.7861985,0.02,0.999985753007006,1.0,259.3978166754493,280761,1.0,-13.752183324550685,1.4246992994015883e-05,True,False,False
2017-05-13,2017,133,LC08_L1TP_012010_20170513_20200904_02_T1,37.60333357,8.2,0.9979963927927284,0.9972717008416412,269.2235870462133,280094,0.994633944318693,-3.9264129537866665,-0.00336244847403544,True,False,False
2018-03-06,2018,65,LC08_L1TP_011010_20180306_20200901_02_T1,13.47256068,3.97,0.9745871435393398,0.9994479290214808,245.55345543452884,280625,1.0,-27.596544565471135,0.02541285646066016,True,False,False
2018-03-22,2018,81,LC08_L1TP_011010_20180322_20200901_02_T1,19.79764793,0.03,1.0,0.9732299001641966,251.05887353665796,280761,1.0,-22.09112646334202,0.0,True,False,False
2018-04-05,2018,95,LC08_L1TP_013010_20180405_20200901_02_T1,25.25886483,16.39,0.9975472283323648,0.9990668219588904,258.57030593919797,280547,1.0,-14.579694060802012,0.002452771667635245,True,False,False
2018-04-07,2018,97,LC08_L1TP_011010_20180407_20200901_02_T1,26.01276895,43.32,0.998062395150289,0.999992876503503,259.4084170402429,280761,1.0,-13.741582959757068,0.00193760484971095,True,False,False
2018-04-14,2018,104,LC08_L1TP_012010_20180414_20200901_02_T1,28.59541632,33.27,0.9999494446129624,0.986333571970466,260.9000233599808,276927,1.0,-12.249976640019156,5.055538703757634e-05,True,False,False
2018-04-21,2018,111,LC08_L1TP_013010_20180421_20201016_02_T1,31.0472419,35.93,0.9994550466950184,0.9999893147552544,266.34986328881604,280761,0.9999893147552544,-6.800136711183939,0.0005342680602360428,True,False,False
2018-04-23,2018,113,LC08_L1TP_011010_20180423_20201015_02_T1,31.71592572,100.0,0.9996936852865644,0.999985753007006,264.14050888229826,280761,0.999992876503503,-9.009491117701714,0.00029919121693855466,True,False,False
2018-04-30,2018,120,LC08_L1TP_012010_20180430_20200901_02_T1,33.95144875,0.36,0.99979341639419,0.9999893147552544,262.4199654088691,280761,1.0,-10.730034591130902,0.0002065836058100512,True,False,False
2018-05-07,2018,127,LC08_L1TP_013010_20180507_20200901_02_T1,35.98412407,12.28,0.9998788992655596,0.9999893147552544,262.20157538773344,280761,1.0,-10.948424612266535,0.0001211007344403825,True,False,False
2018-05-09,2018,129,LC08_L1TP_011010_20180509_20200901_02_T1,36.52125315,100.0,0.9999145171286304,0.9999893147552544,263.4194040284792,280761,1.0,-9.730595971520756,8.548287136955768e-05,True,False,False
2018-05-10,2018,130,LC08_L1TP_082234_20180510_20201015_02_T1,5.26437835,0.78,0.993549559047714,0.9999821912587574,254.80706854537377,280761,1.0,-18.34293145462621,0.006450440952285974,True,False,False
2018-05-16,2018,136,LC08_L1TP_012010_20180516_20200901_02_T1,38.25174334,0.23,0.9968976178264092,0.9999679442657634,269.97399581339437,280761,0.994276270564644,-3.17600418660561,-0.0026213472617652167,True,False,False
2018-05-23,2018,143,LC08_L1TP_013010_20180523_20200901_02_T1,39.7153394,16.26,0.9634084171969112,0.9432043624292548,270.6593192420429,280739,0.9830269396129501,-2.4906807579570795,0.019618522416038897,True,False,False
2018-05-25,2018,145,LC08_L1TP_011010_20180525_20201015_02_T1,40.07926196,32.21,0.980975178109543,0.9418829538290574,269.51318326668166,276931,0.9948579248982599,-3.6368167333183123,0.013882746788716815,True,False,False
2018-06-10,2018,161,LC08_L1TP_011010_20180610_20200831_02_T1,42.09420649,1.6,0.0024432669761471,0.9767132899512396,272.7671096972236,274671,0.04077241499830707,-0.3828903027763886,0.03832914802215997,False,True,False
2018-06-27,2018,178,LC08_L1TP_082234_20180627_20200831_02_T1,11.00287076,0.1,0.0080168264080332,0.99741773251983,275.5645486124764,280761,0.0,2.4145486124764375,-0.0080168264080332,False,True,False
2019-02-28,2019,59,LC08_L1TP_012010_20190228_20200829_02_T1,11.07297858,0.23,0.9587302379823038,0.9987106471340392,253.93799629347504,280399,1.0,-19.21200370652494,0.041269762017696165,True,False,False
2019-03-09,2019,68,LC08_L1TP_011010_20190309_20200829_02_T1,14.55436246,0.64,0.9785688844564752,0.9999964382517514,255.26592369879077,280761,1.0,-17.884076301209205,0.021431115543524837,True,False,False
2019-03-16,2019,75,LC08_L1TP_012010_20190316_20200829_02_T1,17.32422825,2.96,0.9956760376263084,1.0,247.85702726141182,280761,1.0,-25.292972738588162,0.004323962373691592,True,False,False
2019-05-03,2019,123,LC08_L1TP_012010_20190503_20200829_02_T1,34.78227512,0.59,0.369804943615121,0.999009833986914,271.50882715880687,280761,0.03693889108530031,-1.6411728411931108,-0.3328660525298207,False,True,False
2019-05-10,2019,130,LC08_L1TP_013010_20190510_20200829_02_T1,36.72859562,18.12,0.94998183007486,0.980121883025064,271.2347532380022,280761,0.7237899850762748,-1.9152467619977642,-0.22619184499858525,True,False,False
2019-05-12,2019,132,LC08_L1TP_011010_20190512_20200829_02_T1,37.23838941,0.03,0.9397356313444826,0.9754203753370304,271.3795904233607,280761,0.4326883007255281,-1.7704095766392811,-0.5070473306189545,False,False,False
2019-05-14,2019,134,LC08_L1TP_082234_20190514_20200828_02_T1,5.94045208,0.01,0.7259295958471829,0.963335363529835,269.5037545131268,280761,0.8488429660814715,-3.6462454868731697,0.12291337023428861,True,False,False
2019-05-28,2019,148,LC08_L1TP_011010_20190528_20200828_02_T1,40.54843763,0.24,0.0014865356233824,0.999134495175612,276.71800191508754,280761,0.0,3.5680019150875637,-0.0014865356233824,False,True,False
2019-05-30,2019,150,LC08_L1TP_082234_20190530_20200828_02_T1,9.07847516,0.05,0.0014904777016691,0.9988816110499678,277.0346887232368,280761,0.0,3.8846887232368204,-0.0014904777016691,False,True,False
2019-06-06,2019,157,LC08_L1TP_083234_20190606_20200828_02_T1,10.01603665,1.23,0.0009733765469734,0.998952846014938,277.14195361053606,280761,0.0,3.991953610536086,-0.0009733765469734,False,True,False
2019-06-11,2019,162,LC08_L1TP_013010_20190611_20200828_02_T1,42.15322167,0.41,0.0003601329282729,0.9988994197912104,277.98436175997307,280721,0.0,4.834361759973092,-0.0003601329282729,False,True,False
2019-06-23,2019,174,LC08_L1TP_081234_20190623_20200827_02_T2,11.02278663,48.92,0.0075846078546956,0.9969653904922692,274.8936497357708,280761,0.0,1.7436497357708163,-0.0075846078546956,False,True,False
2020-02-24,2020,55,LC08_L1TP_011010_20200224_20200822_02_T1,9.48182563,19.58,0.9407823736202676,1.0,249.27028526745895,280761,1.0,-23.879714732541032,0.05921762637973238,True,False,False
2020-03-02,2020,62,LC08_L1TP_012010_20200302_20200822_02_T1,12.12892084,1.68,0.9680404329661172,1.0,244.6246883825181,280761,1.0,-28.52531161748189,0.03195956703388281,True,False,False
2020-03-09,2020,69,LC08_L1TP_013010_20200309_20200822_02_T1,14.85667936,15.12,1.0,0.9821235855407268,247.14007014673467,275742,1.0,-26.009929853265305,0.0,True,False,False
2020-03-11,2020,71,LC08_L1TP_011010_20200311_20200822_02_T1,15.64183741,20.46,1.0,1.0,244.80884742530142,280761,1.0,-28.341152574698555,0.0,True,False,False
2020-03-18,2020,78,LC08_L1TP_012010_20200318_20200822_02_T1,18.41884487,0.71,1.0,1.0,250.87010520547815,280761,1.0,-22.279894794521823,0.0,True,False,False
2020-04-03,2020,94,LC08_L1TP_012010_20200403_20200822_02_T1,24.69576679,1.07,0.9968692232895594,1.0,254.9005486218287,280761,1.0,-18.249451378171273,0.003130776710440597,True,False,False
2020-04-10,2020,101,LC08_L1TP_013010_20200410_20200822_02_T1,27.33030169,0.03,0.998372269455298,0.999992876503503,267.3953818133269,280761,0.999985753007006,-5.754618186673099,0.0016134835517079837,True,False,False
2020-04-19,2020,110,LC08_L1TP_012010_20200419_20200822_02_T1,30.54175683,70.88,1.0,0.9074337247694658,265.8731716251863,254772,1.0,-7.276828374813704,0.0,True,False,False
2020-04-26,2020,117,LC08_L1TP_013010_20200426_20200822_02_T1,32.86762881,56.29,0.2687816277952559,0.9860806878448216,271.03097939219396,280761,0.9652943250665157,-2.1190206078060214,0.6965126972712599,True,True,True
2020-05-05,2020,126,LC08_L1TP_012010_20200505_20200820_02_T1,35.57474821,1.23,0.9948080918222992,0.9995298492311966,265.86007501596885,280761,0.999978629510509,-7.289924984031131,0.005170537688209742,True,False,False
2020-05-12,2020,133,LC08_L1TP_013010_20200512_20200820_02_T1,37.42850553,0.46,0.5654148577891192,0.995184516368014,271.79128678858126,280761,0.21287144582046652,-1.358713211418717,-0.35254341196865263,False,False,False
2020-05-21,2020,142,LC08_L1TP_012010_20200521_20200820_02_T1,39.43295344,0.18,0.3904803458225936,0.9714347790469474,272.4663064597682,280761,0.0014531932853922018,-0.6836935402317863,-0.3890271525372014,False,True,False
2020-06-13,2020,165,LC08_L1TP_013010_20200613_20200823_02_T1,42.31401373,6.5,0.0041009022701935,0.9935959766491784,275.5586581038274,280202,0.0,2.408658103827406,-0.0041009022701935,False,True,False
2021-02-24,2021,55,LC08_L1TP_013010_20210224_20210303_02_T1,9.76617904,29.77,0.4088643740813327,0.9304996064268184,261.76652736560874,280632,1.0,-11.38347263439124,0.5911356259186673,True,True,True
2021-03-12,2021,71,LC08_L1TP_013010_20210312_20210317_02_T1,15.9442858,14.72,0.2617672512121201,0.9836444520428408,265.07726826544774,280761,1.0,-8.072731734552235,0.7382327487878799,True,True,True
2021-03-14,2021,73,LC08_L1TP_011010_20210314_20210328_02_T1,16.73343613,3.84,0.1750947113747817,0.9834058149101904,265.5681667872916,280761,1.0,-7.581833212708375,0.8249052886252183,True,True,True
2021-03-28,2021,87,LC08_L1TP_013010_20210328_20210402_02_T1,22.27703653,1.07,0.9943083262988806,1.0,249.109208893505,280761,1.0,-24.040791106494964,0.0056916737011194485,True,False,False
2021-04-29,2021,119,LC08_L1TP_013010_20210429_20210508_02_T1,33.73255178,3.91,0.023700979774828,0.9898846349742308,270.1676539374716,280761,0.9573694352135802,-2.982346062528393,0.9336684554387522,True,True,True
2021-05-01,2021,121,LC08_L1TP_011010_20210501_20210508_02_T1,34.3387279,100.0,0.0245047594545922,0.9968051118210862,269.9614875830122,280761,0.9945362781867852,-3.1885124169878054,0.9700315187321931,True,True,True
2021-05-15,2021,135,LC08_L1TP_013010_20210515_20210525_02_T1,38.09125964,13.14,0.002409053759373,0.9979769269948462,269.8644904257958,280759,0.9693260055777375,-3.285509574204184,0.9669169518183646,True,True,True
2021-05-26,2021,146,LC08_L1TP_083234_20210526_20210529_02_T1,8.51199539,29.05,0.0405849732541591,0.9435106727786268,270.972233401246,276446,0.8753463605912185,-2.1777665987539763,0.8347613873370594,True,True,True
2021-06-02,2021,153,LC08_L1TP_011010_20210602_20210608_02_T1,41.33431933,0.03,0.012893793320393,0.9963883872760104,273.69680673128,280761,0.0,0.5468067312800144,-0.012893793320393,False,True,False
2021-06-09,2021,160,LC08_L1TP_012010_20210609_20210615_02_T1,42.04560998,1.4,0.0069960740685272,0.9988673640569736,277.30986098243204,280761,0.0,4.159860982432065,-0.0069960740685272,False,True,False
2021-06-18,2021,169,LC08_L1TP_011010_20210618_20210628_02_T1,42.47082739,0.17,0.0040351758973097,0.9991879213993397,277.26935811636486,280761,0.0,4.119358116364879,-0.0040351758973097,False,True,False
2021-06-20,2021,171,LC08_L1TP_082234_20210620_20210628_02_T1,10.99745197,10.11,0.0044324944994989,0.9988174995814946,277.7974666183782,280761,0.0,4.647466618378246,-0.0044324944994989,False,True,False
2022-02-21,2022,52,LC09_L1TP_011010_20220221_20230427_02_T1,8.56711961,11.09,0.9775977464874284,0.9382036678883464,257.21271047918054,278980,1.0,-15.937289520819434,0.022402253512571635,True,False,False
2022-02-28,2022,59,LC09_L1TP_012010_20220228_20230426_02_T1,11.17566548,16.63,0.6101415077109649,0.9750855710016704,261.66018870295807,280761,1.0,-11.48981129704191,0.38985849228903513,True,False,False
2022-03-01,2022,60,LC08_L1TP_011010_20220301_20220308_02_T1,11.55508295,0.7,0.9150175964922402,0.9877725182628642,261.06296128155975,280761,1.0,-12.087038718440226,0.08498240350775976,True,False,False
2022-03-08,2022,67,LC08_L1TP_012010_20220308_20220315_02_T1,14.2701988,6.15,0.8097730256987432,0.9493839956404202,259.95074432133015,280761,1.0,-13.199255678669829,0.1902269743012568,True,False,False
2022-03-17,2022,76,LC08_L1TP_011010_20220317_20220322_02_T1,17.82658149,0.28,0.9654510351509624,0.9998967093007932,251.59897779633957,280761,1.0,-21.55102220366041,0.03454896484903758,True,False,False
2022-03-23,2022,82,LC09_L1TP_013010_20220323_20230424_02_T1,20.2107016,10.21,0.9914411189588298,1.0,254.79352087884754,280761,1.0,-18.356479121152432,0.008558881041170197,True,False,False
2022-03-31,2022,90,LC08_L1TP_013010_20220331_20220406_02_T1,23.35162402,36.22,0.9960258971755483,0.9786936219774114,264.3040102025523,275830,1.0,-8.845989797447658,0.003974102824451653,True,False,False
2022-04-02,2022,92,LC08_L1TP_011010_20220402_20220411_02_T1,24.12246571,100.0,0.9945822752304048,0.9986287269243236,266.2781985325047,280761,0.9999394502797754,-6.871801467495288,0.0053571750493706105,True,False,False
2022-04-08,2022,98,LC09_L1TP_013010_20220408_20230422_02_T1,26.40826699,26.54,0.9997064887722896,0.9829321023931388,260.2242357311693,275971,1.0,-12.925764268830676,0.00029351122771037463,True,False,False
2022-04-09,2022,99,LC08_L1TP_012010_20220409_20220419_02_T1,26.77972097,32.82,1.0,1.0,257.51039593268376,280761,1.0,-15.639604067316213,0.0,True,False,False
2022-04-16,2022,106,LC08_L1TP_013010_20220416_20220420_02_T1,29.32891279,0.56,0.99909531272261,0.9999964382517514,257.62604212035734,280761,1.0,-15.523957879642637,0.000904687277390015,True,False,False
2022-04-17,2022,107,LC09_L1TP_012010_20220417_20230421_02_T1,29.67888842,7.53,0.9998290354751388,0.9999964382517514,259.8434109195828,280761,1.0,-13.306589080417154,0.00017096452486120572,True,False,False
2022-05-02,2022,122,LC08_L1TP_013010_20220502_20220511_02_T1,34.57160608,2.25,0.9993049478350746,0.9890155684015942,263.6044509491647,277690,1.0,-9.545549050835291,0.0006950521649253805,True,False,False
2022-05-03,2022,123,LC09_L1TP_012010_20220503_20230418_02_T1,34.86338086,0.84,0.9989991095280498,0.9999608207692664,266.8900732418462,280761,0.9996153311891609,-6.259926758153767,0.0006162216611110827,True,False,False
2022-05-11,2022,131,LC08_L1TP_012010_20220511_20220519_02_T1,37.0586584,0.04,0.9999501353469156,0.9999964382517514,265.09708961913225,280761,0.9998967093007932,-8.05291038086773,-5.3426046122351245e-05,True,False,False
2022-05-12,2022,132,LC09_L1TP_011010_20220512_20230416_02_T1,37.30723715,2.6,0.9949952267643162,0.9998967093007932,267.38984404205746,280761,0.9989207902807014,-5.760155957942516,0.003925563516385178,True,False,False
2022-05-14,2022,134,LC08_L1TP_081234_20220514_20220519_02_T1,6.21696244,14.21,0.9896085545159442,0.9326437788724218,256.12054171696604,261978,1.0,-17.029458283033932,0.010391445484055795,True,False,False
2022-05-19,2022,139,LC09_L1TP_012010_20220519_20230416_02_T1,38.92421132,10.76,0.999892746825306,0.9962637260873128,269.71619460349814,279804,0.988438335406213,-3.433805396501839,-0.011454411419093091,True,False,False
2022-05-26,2022,146,LC09_L1TP_013010_20220526_20230415_02_T1,40.26468318,14.9,0.5587996320436966,0.9950847874170556,271.51258286443283,280761,0.2886512015557716,-1.6374171355671479,-0.27014843048792503,False,False,False
2022-05-30,2022,150,LC09_L1TP_082234_20220530_20230415_02_T2,9.12965983,18.17,0.7010610155845649,0.9909638446935294,269.6062739665058,280761,0.749099768130189,-3.543726033494181,0.048038752545624064,True,False,False
2022-06-07,2022,158,LC08_L1TP_082234_20220607_20220609_02_T1,10.1392463,0.02,0.2364777440077102,0.9386880656501436,272.5849205439098,280761,0.3702971566563732,-0.5650794560901886,0.13381941264866298,False,True,False
2022-06-15,2022,166,LC08_L1TP_081234_20220615_20220627_02_T1,10.83282025,0.01,0.0013259432196895,0.9992662798608068,273.2663070621554,280761,7.123496497020597e-05,0.11630706215544251,-0.001254708254719294,False,True,False
2022-06-19,2022,170,LC08_L1TP_013010_20220619_20220630_02_T1,42.48318718,13.26,0.0018074544125773,0.9990881924483812,274.5965957755189,280761,0.0,1.4465957755189152,-0.0018074544125773,False,True,False
2022-06-20,2022,171,LC09_L1TP_012010_20220620_20230411_02_T1,42.48802107,7.02,0.0012442777484633,0.9990133957351628,275.42401802449615,280761,0.0,2.274018024496172,-0.0012442777484633,False,True,False
2022-06-27,2022,178,LC09_L1TP_013010_20220627_20230409_02_T1,42.34761761,10.12,0.0080720339739766,0.9972147128696648,274.64128129597134,280758,0.0,1.491281295971362,-0.0080720339739766,False,True,False
2022-06-28,2022,179,LC08_L1TP_012010_20220628_20220706_02_T1,42.30344607,0.59,0.0117196602768406,0.9934891242017232,275.10695644086695,280761,0.0,1.9569564408669748,-0.0117196602768406,False,True,False
2023-02-14,2023,45,LC08_L1TP_013010_20230214_20230222_02_T1,6.01544387,4.48,0.8284971927975725,0.9801396917663066,245.00532778652993,275185,1.0,-28.144672213470045,0.1715028072024275,True,False,False
2023-02-23,2023,54,LC08_L1TP_012010_20230223_20230301_02_T1,9.21208886,15.41,0.7020148542273503,0.9452131884414146,251.6457624365458,272648,1.0,-21.504237563454183,0.2979851457726497,True,False,False
2023-03-03,2023,62,LC09_L1TP_012010_20230303_20230307_02_T1,12.23166232,3.21,0.5987653380658232,0.9352509785903312,267.7564771361183,280761,1.0,-5.393522863881685,0.4012346619341768,True,False,False
2023-03-10,2023,69,LC09_L1TP_013010_20230310_20230310_02_T1,14.96163228,0.13,0.2778436315079155,0.9975815729392616,269.85075295338845,280601,1.0,-3.2992470466115265,0.7221563684920844,True,True,True
2023-03-11,2023,70,LC08_L1TP_012010_20230311_20230320_02_T1,15.3530751,0.02,0.2701624841707243,0.9984826952461346,268.793779818662,280761,1.0,-4.35622018133796,0.7298375158292757,True,True,True
2023-03-12,2023,71,LC09_L1TP_011010_20230312_20230312_02_T1,15.74730643,0.02,0.2711216366593432,0.9986287269243236,267.9554897424176,280761,1.0,-5.194510257582351,0.7288783633406568,True,True,True
2023-03-19,2023,78,LC09_L1TP_012010_20230319_20230319_02_T1,18.5261446,26.52,0.3811146799437712,0.907084673441112,265.369626661947,280749,1.0,-7.780373338052982,0.6188853200562288,True,True,True
2023-03-26,2023,85,LC09_L1TP_013010_20230326_20230326_02_T1,21.30103447,0.02,0.9816082943577412,0.9450635950149772,261.76125602006164,280761,1.0,-11.38874397993834,0.018391705642258782,True,False,False
2023-03-27,2023,86,LC08_L1TP_012010_20230327_20230405_02_T1,21.69211666,0.02,0.973270755663216,0.9410316959976636,260.5975719931006,280761,1.0,-12.55242800689939,0.02672924433678403,True,False,False
2023-03-28,2023,87,LC09_L1TP_011010_20230328_20230328_02_T1,22.08408726,100.0,0.976777900785492,0.945879235363886,261.562892724511,280761,1.0,-11.587107275488961,0.02322209921450802,True,False,False
2023-04-03,2023,93,LC08_L1TP_013010_20230403_20230412_02_T1,24.41688255,0.18,0.9962599378793492,0.9999394502797754,258.43812423530017,280761,1.0,-14.711875764699812,0.003740062120650811,True,False,False
2023-04-04,2023,94,LC09_L1TP_012010_20230404_20230404_02_T1,24.799412,10.17,0.9967404430859989,0.9998290360840716,258.7264403240397,280761,1.0,-14.423559675960291,0.0032595569140011493,True,False,False
2023-04-05,2023,95,LC08_L1TP_011010_20230405_20230412_02_T1,25.17850602,10.35,0.9970646489690648,0.999839721328817,257.4126903853149,280761,1.0,-15.737309614685103,0.0029353510309352293,True,False,False
2023-04-11,2023,101,LC09_L1TP_013010_20230411_20230411_02_T1,27.43082739,1.42,0.621235053452206,0.96719629863122,270.2356115881053,280761,0.9952628748294813,-2.914388411894663,0.3740278213772753,True,False,False
2023-04-12,2023,102,LC08_L1TP_012010_20230412_20230421_02_T1,27.79529841,2.86,0.6201523585612373,0.9271480013249704,268.45417396616466,280761,0.9990846307001329,-4.695826033835317,0.3789322721388956,True,False,False
2023-04-20,2023,110,LC09_L1TP_012010_20230420_20230420_02_T1,30.63662154,0.23,0.9969387464184404,0.999440805524984,262.60004288353116,280761,1.0,-10.549957116468818,0.00306125358155962,True,False,False
2023-04-28,2023,118,LC08_L1TP_012010_20230428_20230508_02_T1,33.27066494,0.16,0.9477866777524552,0.9595848426241536,268.2727363295788,280761,0.9975744494427645,-4.8772636704212005,0.049787771690309346,True,False,False
2023-04-29,2023,119,LC09_L1TP_011010_20230429_20230429_02_T1,33.58259916,0.01,0.8740635403821014,0.9617895647899816,269.24364629312004,280761,0.995679599374557,-3.9063537068799405,0.12161605899245553,True,False,False
2023-05-17,2023,137,LC09_L1TP_082234_20230517_20230517_02_T1,6.59401332,10.23,0.0371896060835405,0.9882782865141526,271.25861817562287,280761,0.6020743621799324,-1.8913818243771061,0.5648847560963919,True,True,True
2023-05-22,2023,142,LC09_L1TP_012010_20230522_20230522_02_T1,39.48770685,3.82,0.0063205013428827,0.9946181983965008,272.4251986111772,280761,0.10322658773832548,-0.7248013888227547,0.09690608639544278,False,True,False
2023-05-25,2023,145,LC09_L1TP_081234_20230525_20230526_02_T2,8.39705506,23.91,0.1054627184437998,0.9872738735080728,270.9445344451197,280761,0.8791071409490634,-2.205465554880277,0.7736444225052636,True,True,True
2023-06-18,2023,169,LC08_L1TP_081234_20230618_20230623_02_T1,10.98201002,40.25,0.0065655915823182,0.9965486659471936,272.54843997797025,280761,0.004612463981820837,-0.6015600220297301,-0.0019531276004973626,False,True,False
2024-03-12,2024,72,LC09_L1TP_013010_20240312_20240312_02_T1,16.05177404,0.78,0.9959956173066422,0.9979769269948462,257.9487245972896,280391,1.0,-15.201275402710394,0.004004382693357789,True,False,False
2024-03-13,2024,73,LC08_L1TP_012010_20240313_20240401_02_T1,16.44508842,0.39,0.9843385466940692,0.999971506014012,258.9122686026009,280761,1.0,-14.237731397399102,0.015661453305930828,True,False,False
2024-03-21,2024,81,LC09_L1TP_012010_20240321_20240321_02_T1,19.62222163,0.29,0.9909921140927644,0.9999750677622604,257.8795007423454,280761,1.0,-15.270499257654592,0.009007885907235558,True,False,False
2024-03-22,2024,82,LC08_L1TP_011010_20240322_20240403_02_T1,20.01578353,0.01,0.9918791561445938,0.999992876503503,256.6925341366368,280761,1.0,-16.457465863363154,0.008120843855406235,True,False,False
2024-03-28,2024,88,LC09_L1TP_013010_20240328_20240328_02_T1,22.38318823,0.76,0.9944115373792995,0.999985753007006,258.58118872382056,280761,1.0,-14.568811276179417,0.005588462620700452,True,False,False
2024-03-29,2024,89,LC08_L1TP_012010_20240329_20240410_02_T1,22.77103964,0.02,0.9950846648667516,0.9999750677622604,259.0827150931932,280761,1.0,-14.067284906806776,0.0049153351332483775,True,False,False
2024-03-30,2024,90,LC09_L1TP_011010_20240330_20240330_02_T1,23.16006491,0.03,1.0,1.0,259.8871370375827,280761,1.0,-13.262862962417273,0.0,True,False,False
2024-04-05,2024,96,LC08_L1TP_013010_20240405_20240412_02_T1,25.46936387,13.72,0.9999962973111072,0.9619355964681704,262.7770460336471,271945,1.0,-10.372953966352895,3.7026888928259893e-06,True,False,False
2024-04-07,2024,98,LC08_L1TP_011010_20240407_20240418_02_T1,26.22115103,0.01,1.0,1.0,261.58086289893436,280761,1.0,-11.569137101065621,0.0,True,False,False
2024-04-13,2024,104,LC09_L1TP_013010_20240413_20240413_02_T1,28.43834522,4.26,0.9993054590915404,1.0,261.3640551199266,280761,1.0,-11.785944880073373,0.0006945409084595511,True,False,False
2024-04-14,2024,105,LC08_L1TP_012010_20240414_20240423_02_T1,28.79592486,16.85,0.9990596917641108,0.999992876503503,258.823353579945,280761,1.0,-14.326646420054999,0.0009403082358891979,True,False,False
2024-04-15,2024,106,LC09_L1TP_011010_20240415_20240415_02_T1,29.15295607,0.01,0.9992520328678128,1.0,259.86726442698483,280761,1.0,-13.282735573015145,0.0007479671321871662,True,False,False
2024-05-10,2024,131,LC08_L1TP_082234_20240510_20240520_02_T1,5.39709707,12.6,0.9863610484516095,0.988435003437087,259.07207257402945,279084,1.0,-14.077927425970529,0.013638951548390454,True,False,False
2024-05-15,2024,136,LC09_L1TP_013010_20240515_20240516_02_T1,38.15478792,17.57,0.9232133406008326,0.9017705450543344,268.52831339341077,256374,0.9986582102709323,-4.621686606589208,0.07544486967009967,True,False,False
2024-05-17,2024,138,LC09_L1TP_011010_20240517_20240517_02_T1,38.60406118,0.01,0.6726406435977227,0.9934855624534746,269.40736587851376,280761,0.994465043221815,-3.742634121486219,0.32182439962409226,True,False,False
2024-05-19,2024,140,LC09_L1TP_082234_20240519_20240519_02_T1,7.19400851,4.22,0.7093180852466703,0.9723430248503176,268.524722259844,280761,0.9992520328678128,-4.62527774015598,0.28993394762114255,True,False,False
2024-05-24,2024,145,LC09_L1TP_012010_20240524_20240524_02_T1,40.00415992,23.06,0.6171122307433543,0.9423352958566182,270.80809410686106,280761,0.7331003949978807,-2.3419058931389145,0.1159881642545264,True,False,False
2024-05-25,2024,146,LC08_L1TP_011010_20240525_20240610_02_T1,40.17873518,0.02,0.6450504633136683,0.9309626336991248,270.8360455813197,280761,0.7446618298125451,-2.3139544186802823,0.09961136649887681,True,False,False
2024-05-26,2024,147,LC09_L1TP_083234_20240526_20240526_02_T1,8.53292449,4.47,0.8148638779252261,0.9168509871385272,269.4891136445002,280761,0.95022100647882,-3.6608863554997697,0.13535712855359394,True,False,False
2024-05-27,2024,148,LC09_L1TP_081234_20240527_20240528_02_T2,8.86626333,66.01,0.9106087956918444,0.9411670424311068,268.6431531635259,279986,0.9924746237311866,-4.506846836474097,0.08186582803934217,True,False,False
2024-05-31,2024,152,LC09_L1TP_013010_20240531_20240531_02_T1,41.10925286,45.36,0.6314503745754037,0.918546379304818,271.11915909459583,277484,0.5960595926251604,-2.0308409054041476,-0.035390781950243255,True,False,False
2024-06-01,2024,153,LC08_L1TP_012010_20240601_20240611_02_T1,41.24247268,14.5,0.5255166802891225,0.9456192277417448,270.0583814302236,280761,0.8748401665473481,-3.091618569776358,0.3493234862582256,True,False,False
2024-06-04,2024,156,LC09_L1TP_082234_20240604_20240604_02_T1,9.86209537,0.6,0.3992124883328106,0.9425490007515288,270.5486423549916,280761,0.5916811807907794,-2.6013576450083633,0.19246869245796877,True,True,True
2024-06-08,2024,160,LC08_L1TP_013010_20240608_20240627_02_T1,41.98658239,25.49,0.001118968118346,0.9962993435697978,274.45069977993694,280761,0.0,1.3006997799369628,-0.001118968118346,False,True,False
2024-06-10,2024,162,LC08_L1TP_011010_20240610_20240628_02_T1,42.13793528,55.88,0.000688830350925,0.941070875228397,273.3567852513824,265655,0.005322692966441437,0.20678525138242776,0.004633862615516437,False,True,False
2024-06-16,2024,168,LC09_L1TP_013010_20240616_20240616_02_T1,42.42796018,0.38,0.0021441666160405,0.9966804506323884,277.6985955815452,280761,0.0,4.548595581545214,-0.0021441666160405,False,True,False
2024-06-17,2024,169,LC08_L1TP_012010_20240617_20240705_02_T1,42.4553487,12.82,0.0018467023172905,0.9990703837071389,275.6587475792947,280760,0.0018378686422567318,2.5087475792947203,-8.833675033768223e-06,False,True,False
2024-06-20,2024,172,LC08_L1TP_081234_20240620_20240706_02_T2,11.06005935,0.02,0.0017858606886079,0.9992021683923336,275.2548061410345,280761,0.0,2.104806141034544,-0.0017858606886079,False,True,False
2024-06-27,2024,179,LC09_L1TP_083234_20240627_20240627_02_T1,10.97551994,10.54,0.0007324044301536,0.9969333347580326,276.83593666875413,280761,0.0,3.6859366687541524,-0.0007324044301536,False,True,False
2024-06-28,2024,180,LC09_L1TP_081234_20240628_20240629_02_T1,10.94047015,38.81,0.0020049231208305,0.998393651539922,275.07024798646376,280761,0.0,1.920247986463778,-0.0020049231208305,False,True,False
2025-02-19,2025,50,LC08_L1TP_013010_20250219_20250226_02_T1,7.94554341,0.43,0.0129031568369626,0.9995298492311966,267.10530128354816,280761,1.0,-6.044698716451819,0.9870968431630374,True,True,True
2025-02-20,2025,51,LC09_L1TP_012010_20250220_20250220_02_T1,8.30491087,0.26,0.0139352285148854,0.997068681191476,267.16402297634505,280761,1.0,-5.985977023654925,0.9860647714851146,True,True,True
2025-03-01,2025,60,LC09_L1TP_011010_20250301_20250301_02_T1,11.65989049,20.35,0.085669692098073,0.988121569591218,267.8614669339698,280596,1.0,-5.2885330660301975,0.914330307901927,True,True,True
2025-03-15,2025,74,LC09_L1TP_013010_20250315_20250315_02_T1,17.14409943,3.89,0.0033131065775969,0.9890440623875824,268.348578661671,280241,1.0,-4.801421338328964,0.9966868934224031,True,True,True
2025-03-23,2025,82,LC08_L1TP_013010_20250323_20250331_02_T1,20.31763452,9.94,0.9557844976905312,0.987031674627174,258.47744390358054,280760,1.0,-14.672556096419441,0.0442155023094688,True,False,False
2025-03-24,2025,83,LC09_L1TP_012010_20250324_20250324_02_T1,20.71230197,7.75,0.9909259694132152,0.9707046206560028,259.0723788663597,280582,1.0,-14.077621133640264,0.009074030586784798,True,False,False
2025-03-31,2025,90,LC09_L1TP_013010_20250331_20250331_02_T1,23.4581257,13.21,0.995772144594792,0.999985753007006,257.6428744538307,280761,1.0,-15.507125546169277,0.004227855405207981,True,False,False
2025-04-02,2025,92,LC09_L1TP_011010_20250402_20250402_02_T1,24.22823415,0.75,0.9999572433353048,0.9996331399304036,257.37685580213787,280761,1.0,-15.77314419786211,4.2756664695220437e-05,True,False,False
2025-04-09,2025,99,LC09_L1TP_012010_20250409_20250410_02_T1,26.88092319,12.46,0.9203066562583742,0.9171038712641713,270.7905869297309,264646,0.7960142983457147,-2.3594130702690563,-0.12429235791265947,True,False,False
2025-04-17,2025,107,LC08_L1TP_012010_20250417_20250425_02_T1,29.77257791,0.08,0.7393260838734653,0.9292351857985974,265.14332186247304,280756,1.0,-8.006678137526933,0.2606739161265347,True,False,False
2025-04-18,2025,108,LC09_L1TP_011010_20250418_20250418_02_T1,30.12102247,7.82,0.9053838228704276,0.9299617824412936,265.07500972720584,280761,1.0,-8.074990272794139,0.09461617712957238,True,False,False
2025-04-24,2025,114,LC08_L1TP_013010_20250424_20250429_02_T1,32.15118823,7.42,0.6864720088820722,0.9335377776827978,268.3810064923221,280761,0.9985539302111048,-4.7689935076778625,0.3120819213290327,True,False,False
2025-05-04,2025,124,LC09_L1TP_011010_20250504_20250504_02_T1,35.23053473,50.96,0.5222975702212279,0.9170504450404436,269.6523860903803,280761,0.9665623074429853,-3.4976139096197016,0.4442647372217574,True,False,False
2025-05-12,2025,132,LC08_L1TP_011010_20250512_20250515_02_T1,37.37544325,0.01,0.0599841321360308,0.9876371718294208,270.4791416659449,280760,0.9981728166405471,-2.670858334055083,0.9381886845045163,True,True,True
2025-05-13,2025,133,LC09_L1TP_083234_20250513_20250513_02_T1,5.79585869,6.4,0.0096811503148515,0.9977596603516872,270.35180556741784,280759,1.0,-2.798194432582136,0.9903188496851485,True,True,True
2025-05-14,2025,134,LC08_L1TP_082234_20250514_20250528_02_T1,6.08031573,14.85,0.1601855657548218,0.9358992167715602,269.85196712209483,280761,0.999985753007006,-3.2980328779051433,0.8398001872521842,True,True,True
2025-05-28,2025,148,LC08_L1TP_011010_20250528_20250603_02_T1,40.63690834,0.01,0.0010445260418523,0.999106001189624,274.5817186931492,280761,0.0,1.4317186931492074,-0.0010445260418523,False,True,False
2025-05-30,2025,150,LC08_L1TP_082234_20250530_20250606_02_T1,9.17673996,0.01,0.0007451378861614,0.9990169574834112,274.02363344148034,280761,0.0,0.873633441480365,-0.0007451378861614,False,True,False
2025-06-03,2025,154,LC09_L1TP_013010_20250603_20250603_02_T1,41.46136228,3.26,0.0010801869472063,0.9990953159448784,275.89919316546315,280761,0.0,2.7491931654631685,-0.0010801869472063,False,True,False
2025-06-12,2025,163,LC09_L1TP_012010_20250612_20250612_02_T1,42.25050837,3.81,0.0004563117179423,0.999106001189624,275.27399405150635,280761,0.0,2.123994051506372,-0.0004563117179423,False,True,False
2025-06-15,2025,166,LC09_L1TP_081234_20250615_20250616_02_T1,10.87027515,1.93,0.0005886067143973,0.9984399542671524,275.02007918182,280741,0.0,1.8700791818200173,-0.0005886067143973,False,True,False
2025-06-19,2025,170,LC09_L1TP_013010_20250619_20250619_02_T1,42.48350234,8.19,0.0007451538261331,0.99899558699392,278.2338776655028,280715,0.0,5.0838776655028255,-0.0007451538261331,False,True,False
2026-02-14,2026,45,LC09_L1TP_013010_20260214_20260214_02_T1,6.11021059,7.01,0.2744762786174226,0.9082529268666232,265.6149930587574,280761,1.0,-7.535006941242557,0.7255237213825774,True,True,True
2026-03-04,2026,63,LC09_L1TP_011010_20260304_20260304_02_T1,12.7210849,14.61,0.0508380070313659,0.983722810504308,269.79058067521936,280761,1.0,-3.3594193247806174,0.9491619929686341,True,True,True
2026-03-10,2026,69,LC08_L1TP_013010_20260310_20260314_02_T1,15.06799391,24.51,0.4354427877340917,0.936875135791652,262.8584539299495,280761,1.0,-10.291546070050458,0.5645572122659084,True,True,True
2026-03-11,2026,70,LC09_L1TP_012010_20260311_20260311_02_T1,15.46197263,0.46,0.3627179696480658,0.9512254194849,263.98474779345617,280699,1.0,-9.165252206543812,0.6372820303519342,True,True,True
2026-03-20,2026,79,LC09_L1TP_011010_20260320_20260320_02_T1,19.03074134,12.07,1.0,0.9753847578545454,252.8590933473802,280761,1.0,-20.290906652619782,0.0,True,False,False
2026-03-26,2026,85,LC08_L1TP_013010_20260326_20260330_02_T1,21.40770799,22.17,0.9953978770392534,0.9999252032867813,257.6513176642326,280761,1.0,-15.498682335767398,0.00460212296074658,True,False,False
2026-03-27,2026,86,LC09_L1TP_012010_20260327_20260327_02_T1,21.80001265,0.31,0.994012551913775,0.9999750677622604,257.5733857707556,280761,1.0,-15.576614229244399,0.005987448086224978,True,False,False
2026-03-28,2026,87,LC08_L1TP_011010_20260328_20260406_02_T1,22.18992062,8.92,0.9946252453189056,0.999985753007006,257.53932301414414,280761,1.0,-15.610676985855832,0.005374754681094385,True,False,False
2026-04-05,2026,95,LC09_L1TP_011010_20260405_20260405_02_T1,25.28211563,7.35,0.9956401872154902,0.9999465737762724,264.20768929727444,280761,1.0,-8.942310702725536,0.004359812784509809,True,False,False
2026-04-11,2026,101,LC08_L1TP_013010_20260411_20260423_02_T1,27.52999254,6.69,0.9964773180600672,0.9999679442657634,263.308183303172,280761,1.0,-9.841816696828005,0.0035226819399327702,True,False,False
2026-04-12,2026,102,LC09_L1TP_012010_20260412_20260412_02_T1,27.8957988,7.07,0.9982511317777548,0.999971506014012,262.46532172490544,280761,1.0,-10.68467827509454,0.0017488682222451812,True,False,False
2026-04-13,2026,103,LC08_L1TP_011010_20260413_20260423_02_T1,28.25744439,0.8,0.9969867180515536,0.999985753007006,263.43287549563456,280761,1.0,-9.717124504365415,0.0030132819484464113,True,False,False
2026-04-19,2026,109,LC09_L1TP_013010_20260419_20260419_02_T1,30.38777624,16.75,0.996587237407868,0.9998219125875744,267.0180230308598,280761,0.9998789005595506,-6.131976969140169,0.003291663151682611,True,False,False
2026-05-05,2026,125,LC09_L1TP_013010_20260505_20260505_02_T1,35.44773393,0.84,0.7035884671230035,0.9959289217519528,267.7999363338516,280761,0.9998789005595506,-5.350063666148401,0.29629043343654715,True,False,False
2026-05-06,2026,126,LC08_L1TP_012010_20260506_20260515_02_T1,35.72732127,42.95,0.4922017955169259,0.9966056539191696,268.431911924903,280761,0.9991772361545941,-4.7180880750970005,0.5069754406376682,True,True,True
2026-05-07,2026,127,LC09_L1TP_011010_20260507_20260507_02_T1,36.00334048,19.98,0.4902604401048265,0.941858021591318,268.2405628733996,268280,0.9963135530043239,-4.9094371266003805,0.5060531128994974,True,True,True
2026-05-29,2026,149,LC08_L1TP_013010_20260529_20260604_02_T1,40.75325229,0.07,0.0006986725222078,0.9991843596510912,273.3567852513824,280761,0.0,0.20678525138242776,-0.0006986725222078,False,True,False
2026-05-30,2026,150,LC09_L1TP_012010_20260530_20260530_02_T1,40.89964046,0.18,0.0004457408569635,0.99882818482624,272.68968244092065,280758,0.22569615113371658,-0.4603175590793285,0.22525041027675308,False,True,False
2026-06-06,2026,157,LC09_L1TP_013010_20260606_20260606_02_T1,41.75955276,16.67,0.0007236973447793,0.9990846307001328,275.4606544702013,280761,0.0,2.310654470201314,-0.0007236973447793,False,True,False
2026-06-10,2026,161,LC08_L1TP_081234_20260610_20260618_02_T1,10.57321833,5.03,0.0005060620531864,0.9994194350354928,276.3973570750322,280761,0.0,3.2473570750321983,-0.0005060620531864,False,True,False
2026-06-15,2026,166,LC09_L1TP_012010_20260615_20260615_02_T1,42.38160963,1.26,0.0007129514765225,0.9991558656651032,282.0758031637187,280761,0.0,8.92580316371874,-0.0007129514765225,False,True,False
2026-06-24,2026,175,LC09_L1TP_011010_20260624_20260624_02_T1,42.44679188,1.6,0.0006700586853595,0.9674349357638704,278.3050263940277,273094,0.0,5.155026394027743,-0.0006700586853595,False,True,False
2026-06-26,2026,177,LC08_L1TP_081234_20260626_20260707_02_T2,11.02115206,39.16,0.0006960739991245,0.9926806073493112,276.11372114356016,280761,7.835846146722657e-05,2.9637211435601785,-0.0006177155376572734,False,True,False
